Title,SMILES,Actividad,#amine,#amidine,#acid,#amide,#rotor,#rtvFG,CNS,mol MW,dipole,SASA,FOSA,FISA,PISA,WPSA,volume,donorHB,accptHB,dip^2/V,ACxDN^.5/SA,glob,QPpolrz,QPlogPC16,QPlogPoct,QPlogPw,QPlogPo/w,QPlogS,CIQPlogS,QPlogHERG,QPPCaco,QPlogBB,QPPMDCK,QPlogKp,IP(eV),EA(eV),#metab,QPlogKhsa,HumanOralAbsorption,PercentHumanOralAbsorption,SAfluorine,SAamideO,PSA,#NandO,RuleOfFive,RuleOfThree,#ringatoms,#in34,#in56,#noncon,#nonHatm,Jm,compound code,variant,glide gridfile,glide lignum,glide rotatable bonds,glide ligand efficiency,glide ligand efficiency sa,glide ligand efficiency ln,XP GScore,glide gscore,glide evdw,glide ecoul,glide energy,glide einternal,glide emodel,XP HBond,XP PhobEn,XP PhobEnHB,XP LowMW,XP RotPenal,XP LipophilicEvdW,XP PhobEnPairHB,XP Electro,XP Sitemap,XP Penalties,XP PiStack,XP HBPenal,XP ExposPenal,XP PiCat,XP ClBr,XP Zpotr,glide confnum,glide posenum,glide eff state penalty,XP PoseRank,SIFT Any Contact,SIFT Backbone Interaction,SIFT Sidechain Interaction,SIFT Polar Residues,SIFT Hydrophobic Residues,SIFT Hydrogen Bond Acceptor,SIFT Hydrogen Bond Donor,SIFT Aromatic Residue,SIFT Charged Residue,Prime MMGBSA Input Structure Hash,ExecuteFunction Internal Entry Index,number heavy atoms,model num,Prime Coulomb,Prime Covalent,Prime vdW,Prime Lipo,Prime Solv GB,Prime Energy Force Field,Prime Energy Solvent Model,Prime Bond Covalent,Prime Bond SGB,Prime Angle Covalent,Prime Angle SGB,Prime Torsion Covalent,Prime NB14 LJ,Prime NB14 Lipo,Prime NB14 Elec,Prime NB14 SGB,Prime NBShort LJ,Prime NBShort Lipo,Prime NBShort Elec,Prime NBShort SGB,Prime NBLong LJ,Prime NBLong Lipo,Prime NBLong Elec,Prime NBLong SGB,Prime Self SGB,Prime Hbond,Prime Packing,Prime SelfCont,MMGBSA dG Bind,MMGBSA dG Bind Coulomb,MMGBSA dG Bind Covalent,MMGBSA dG Bind Hbond,MMGBSA dG Bind Lipo,MMGBSA dG Bind Packing,MMGBSA dG Bind SelfCont,MMGBSA dG Bind Solv GB,MMGBSA dG Bind vdW,Lig Strain Energy,Lig Strain Coulomb,Lig Strain Covalent,Lig Strain Hbond,Lig Strain Lipo,Lig Strain Packing,Lig Strain SelfCont,Lig Strain Solv GB,Lig Strain vdW,Ligand Energy,Ligand Coulomb,Ligand Covalent,Ligand Hbond,Ligand Lipo,Ligand Packing,Ligand SelfCont,Ligand Solv GB,Ligand vdW,Complex Energy,Complex Coulomb,Complex Covalent,Complex Hbond,Complex Lipo,Complex Packing,Complex SelfCont,Complex Solv GB,Complex vdW,Receptor Energy,Receptor Coulomb,Receptor Covalent,Receptor Hbond,Receptor Lipo,Receptor Packing,Receptor SelfCont,Receptor Solv GB,Receptor vdW,MMGBSA dG Bind(NS),MMGBSA dG Bind(NS) Coulomb,MMGBSA dG Bind(NS) Covalent,MMGBSA dG Bind(NS) Hbond,MMGBSA dG Bind(NS) Lipo,MMGBSA dG Bind(NS) Packing,MMGBSA dG Bind(NS) SelfCont,MMGBSA dG Bind(NS) Solv GB,MMGBSA dG Bind(NS) vdW,Rec Strain Energy,Rec Strain Coulomb,Rec Strain Covalent,Rec Strain Hbond,Rec Strain Lipo,Rec Strain Packing,Rec Strain SelfCont,Rec Strain Solv GB,Rec Strain vdW,Prime MMGBSA ligand efficiency,Prime MMGBSA ligand efficiency sa,Prime MMGBSA ligand efficiency ln
MWAC-NUL1587,C[NH+](C)CCCN(C(=O)c1ccc2ncsc2c1)c1nc2ccc(Br)cc2s1,0,1,0,0,0,6,0,1,475.42,3.953,717.366,225.998,70.957,263.639,156.772,1288.985,0,8,0.0121245,0,0.7984658,44.096,13.704,19.489,10.333,3.697,-4.11,-5.489,-6.776,524.7,0.243,1969.167,-3.385,9.123,1.466,3,-0.035,3,100,0,0,58.016,5,0,0,18,0,18,0,28,0.015221804657419,MWAC-NUL1587,MWAC-NUL1587-1,glide-grid_repr,19,7,-0.050410636435263,-0.153076382494524,-0.325815140276069,-1.42979782018735,-1.42979782018735,-45.1296348571777,-5.41128396987915,-50.5409188270569,6.81268425054243,-67.7323455810547,-0.565047626782003,0,0,0,0.229396383064333,-3.68830027872874,0,-0.405846297740936,0,3,0,0,0,0,0,0,1,15,0.0183,2,13,3,13,7,6,0,1,1,3,700aa28161d075df772af2e8fc62011c2a3b1991df551c6df657b4be,165,28,0,-18276.5006937474,8078.56666408494,-1075.76319432013,-1334.28959434984,-3444.58351485625,S-OPLS,VSGB2.1,1599.58041553561,43017.1869163636,4142.45958358199,-17903.9415312611,2336.52666496735,3292.50651300424,0,16175.432881984,-13907.499378224,-4105.46409650227,-1334.28959434984,-35173.2532779049,16664.6100972681,-262.805610822097,0,721.319702173515,-641.064760932619,-30673.8748580701,-321.852094520955,-46.0561397696841,-74.7867796622824,-42.3297825712543,20.6239145971012,16.7538003230602,-1.05006375898364,-11.8220867328303,-2.74484602087127,-0.186639670310655,-4.21036749202085,-59.6934938163758,14.2248839740969,4.42834148849846,16.3070144771852,0,0.327280095694036,0,0,-3.47541547009538,-3.36233661718538,23.4055014475948,-10.183011128768,29.0434805971548,0,-3.9196560739622,0,0,-15.4621259126803,23.9268139658505,-16495.2653471416,-18276.5006937474,8078.56666408494,-321.852094520955,-1334.28959434984,-46.0561397696841,-74.7867796622824,-3444.58351485625,-1075.76319432013,-16476.3410660179,-18286.9415972157,8032.76938316473,-320.802030761971,-1318.54785154305,-43.3112937488128,-74.6001399919717,-3424.91102145155,-1039.9965144696,-66.1397475196063,7.76364694843141,-0.275278044416154,-1.09607051009323,-12.9159939867395,-2.66422780950751,0,0.110601646573741,-57.0624257638597,9.58508097425511,8.43192616017041,0.722063890290883,0.046006751109587,0.766627158215215,-0.080618211363763,-0.186639670310655,-0.845553668499178,0.731268564669108,-1.51177794897337,-2.26766692346005,-9.77095667386728
MWAC-NUL110,O=C1CCCN1CCCN(C(=O)c1ccc2ncsc2c1)c1nc2ccccc2s1,0,0,0,0,1,6,0,-1,436.546,9.219,708.307,214.013,105.285,313.667,75.343,1303.145,0,9,0.0652144,0,0.8145891,45.141,13.818,21.045,14.226,2.714,-3.212,-4.713,-4.654,550.719,-0.671,1271.621,-1.779,9.266,1.315,3,-0.583,3,91.896,0,32.23,82.508,6,0,0,23,0,23,3,30,4.45728912496099,MWAC-NUL110,MWAC-NUL110-1,glide-grid_repr,18,7,-0.156499628916822,-0.486280733588754,-1.06675262669805,-4.69498886750467,-4.69498886750467,-46.6562805175781,-6.76992559432983,-53.426206111908,4.36083698272705,-72.7499891101662,-0.555761884132318,-0.225,0,-0.044827333333333,0.268963363583826,-3.46813411124756,0,-0.507744419574737,-0.162484482800545,0,0,0,0,0,0,0,1,10,0,2,18,8,14,10,3,0,0,1,7,c14ce20812b3c900ab2c384f8f489cf6efe2cdedf7a3b1368f37723c,41,30,0,-18341.9990460207,8062.43959588351,-1071.53847684334,-1334.39706747354,-3400.96690939795,S-OPLS,VSGB2.1,1600.58424093238,43070.26201133,4141.20182017968,-17945.2817611906,2320.65353477145,3293.41434354818,0,16155.4657828987,-13879.3467567531,-4102.28584950218,-1334.39706747354,-35165.6706013131,16649.9972954477,-262.666970889339,0,668.205772393644,-588.793644156784,-30707.8040540752,-322.856538891873,-47.1377551894122,-70.1643588232567,-50.3617457857508,-27.551345306907,9.48095971881048,-2.05450812990176,-12.7620494551877,-3.82646144059943,4.43578116871504,37.1390768590127,-55.2231991996694,4.42706343174481,-1.21545863070208,5.54128768849945,0,0.035103257161262,0,0,0.873495172673785,-0.807364055887586,0.08225504712189,-27.5061034980614,20.1892529999711,0,-3.08716647530019,0,0,-13.1949648054163,23.6812368259288,-16526.6205567565,-18341.9990460207,8062.43959588351,-322.856538891873,-1334.39706747354,-47.1377551894122,-70.1643588232567,-3400.96690939795,-1071.53847684334,-16476.3410660179,-18286.9415972157,8032.76938316473,-320.802030761971,-1318.54785154305,-43.3112937488128,-74.6001399919717,-3424.91102145155,-1039.9965144696,-64.3806164704001,-23.4434820619754,0,-1.60243899102147,-13.1781963912015,-3.86998983864112,0,33.3730209318396,-55.6595301193879,9.59180725290207,-2.89240461422742,3.93967203031116,-0.45206913888029,0.38104367885262,0.043528398041687,4.43578116871504,2.8925607544993,1.24369497560633,-1.67872485952503,-2.51808728928754,-11.4427373776932
MWAC-NEG110,C[NH+](C)CCCN(C(=O)c1ccc2[nH]cnc2c1)c1nc2ccccc2s1,0,1,0,0,0,6,0,1,379.479,6.015,681.629,225.528,101.596,322.364,32.142,1213.653,1,8,0.0298134,0.0117366,0.8072598,41.642,12.951,19.969,12.276,2.808,-3.661,-3.763,-6.914,268.759,-0.36,198.386,-3.743,8.837,1.063,2,0.071,3,86.866,0,0,73.117,6,0,0,18,0,18,0,27,0.014984796990851,MWAC-NEG110,MWAC-NEG110-2,glide-grid_repr,21,7,-0.170798484875094,-0.512395454062358,-1.07349492903739,-5.13245909162754,-5.13245909162754,-38.5429801940918,-9.90560340881348,-48.4485836029053,1.62986505031586,-67.4726585967796,-1.05,0,0,-0.231708066666666,0.344602096721475,-3.11488783585717,0,-0.742920255661011,-0.337545030164161,0,0,0,0,0,0,0,1,30,0.5209,1,15,5,12,9,2,2,1,1,6,b99234ec273d49c9786fbca06dfc04543c649bb45e5f7641dcbae95e,46,27,0,-18254.6894889233,8086.58404607668,-1061.38006914079,-1329.57904563932,-3451.29172696027,S-OPLS,VSGB2.1,1600.24857885357,43074.451348444,4145.64016223431,-17911.2542456657,2340.6953049888,3294.84206273547,0,16212.291960561,-13924.6132310001,-4093.92946225922,-1329.57904563932,-35166.9855991518,16658.5937886548,-262.292669617032,0,700.004149667489,-626.152757161441,-30722.3166302318,-322.183041679289,-47.0602698192786,-74.3188386455324,-40.9043763658847,13.9660454695222,9.53382796042661,-1.38101091731772,-8.58108539118325,-3.74897607046579,0.281301346439349,-4.43808625816382,-46.5363925051186,4.54979473789638,-0.540000678151944,6.2226397462068,0,-0.022691257160683,0,0,0.171053960181084,-1.28120703317884,63.3270076527352,18.2860628229195,44.2808349515256,0,-2.45010870509038,0,0,-21.9426192505523,25.1528378339327,-16453.918434731,-18254.6894889233,8086.58404607668,-322.183041679289,-1329.57904563932,-47.0602698192786,-74.3188386455324,-3451.29172696027,-1061.38006914079,-16476.3410660179,-18286.9415972157,8032.76938316473,-320.802030761971,-1318.54785154305,-43.3112937488128,-74.6001399919717,-3424.91102145155,-1039.9965144696,-51.3370067464894,9.61284048612288,-0.273968508444341,-1.44631106683454,-9.25959298072485,-3.66646047282137,0,0.311249717552982,-46.6147639213473,5.88283564271114,4.8932056615522,3.58515672266367,0.065300149516816,0.701198846702255,-0.082515597644424,0.281301346439349,-4.92038993589767,1.35957844940754,-1.51497690244017,-2.27246535366026,-9.52186445662936
MWAC-0002509,CCNC(=O)[C@H]1CN(C(=O)c2ccc(Nc3ccc(C(C)(C)C)cc3)c3ccccc23)C[C@@H]1c1ccccc1,1,0,0,0,1,6,0,0,519.685,8.11,943.868,397.821,70.14,475.907,0,1730.906,2,6,0.0379981,0.0089899,0.7386456,63.809,19.097,27.965,14.936,6.911,-9.313,-8.033,-6.656,1400.464,-0.655,1126.849,-0.56,7.808,0.842,5,1.482,1,100,0,23.177,71.845,5,2,1,27,0,27,4,39,6.96131743604E-05,MWAC-0002509,MWAC-0002509-3,glide-grid_repr,12,9,-0.095384642685229,-0.323469491366948,-0.7976738267867,-3.72000106472392,-3.72000106472392,-49.4861183166504,-0.365984320640564,-49.852102637291,5.5668920213371,-78.3871231079102,0,-0.25,0,0,0.228238698465975,-5.67079093914185,0,-0.027448824048042,0,6,0,0,0,0,0,0,1,3,0,1,19,7,17,11,5,0,0,1,8,df0f20ca2c400c30a3353254608018ce57ee553d70dcbf0781e4add3,113,39,0,-18393.1280172874,8071.96656772746,-1061.50461332349,-1352.36127483002,-3391.82372637494,S-OPLS,VSGB2.1,1603.39142355455,43079.3684763244,4152.98626812447,-17976.8045975821,2315.58887604844,3313.89337810761,0,16089.8177746805,-13804.6832490512,-4112.53302746799,-1352.36127483002,-35151.4802070596,16619.9432540243,-262.864963963111,0,668.534415091772,-594.753032036333,-30714.894578054,-321.437177349609,-44.1646961375677,-74.7285073490509,-66.3958202150716,-27.2719770232216,8.23649659604143,-0.635146587637905,-25.0843449040069,-0.853402388754851,-0.128367357079185,42.6840388324363,-63.3431173828187,4.72973274178352,-0.154008256009689,4.18548239581733,0,0.44033077804121,0,0,-0.508189462374446,0.766117286309097,-24.4445586916086,-78.9144430484372,30.960687966689,0,-8.72907838295886,0,0,-9.59674375582603,41.8350185289245,-16567.1814449246,-18393.1280172874,8071.96656772746,-321.437177349609,-1352.36127483002,-44.1646961375677,-74.7285073490509,-3391.82372637494,-1061.50461332349,-16476.3410660179,-18286.9415972157,8032.76938316473,-320.802030761971,-1318.54785154305,-43.3112937488128,-74.6001399919717,-3424.91102145155,-1039.9965144696,-79.094466612627,-18.7212113038258,0.001289580789489,-0.655416761554818,-26.1528099145221,-1.17216284017564,0,37.7889067577048,-70.1830621310364,7.96891365577176,-8.39675746338617,4.04972461943453,0.020270173916913,0.62813423247394,0.318760451420793,-0.128367357079185,5.40332153710597,6.07382746190865,-1.70245692859158,-2.55368539288737,-14.2371486115498
MWAC-0002431,COc1cc2ncnc(N3CCC[C@H](NC(=O)c4ccc5c(c4)OCCO5)C3)c2cc1OC,1,0,0,0,0,4,0,-1,450.493,3.299,749.366,449.136,73.461,226.769,0,1359.145,1,8,0.0080063,0.0106757,0.79186,47.836,13.264,21.429,12.027,4.197,-6.243,-6.264,-5.981,1991.924,-0.459,1041.906,-1.69,9.059,1.264,3,0.532,1,100,0,0,94.259,9,0,1,26,0,26,7,33,0.005247623350467,MWAC-0002431,MWAC-0002431-2,glide-grid_repr,9,6,-0.121061848779801,-0.388310035561398,-0.888476435349414,-4.00284100973342,-4.00284100973342,-45.2720184326172,-5.08642292022705,-50.3584413528442,0.833522439002991,-74.7960225785351,0,0,0,0,0.169363534056261,-3.79072282477265,0,-0.381481719017029,0,0,0,0,0,0,0,0,1,1,0.0078,2,15,8,11,5,5,0,0,1,3,e53e70853d5e8c6f8bb3983db1bde8fd6ed8caafc03b79da4c1b3a74,95,33,0,-18330.1237233495,8071.20719072225,-1056.78496270029,-1341.61122976605,-3398.27936622107,S-OPLS,VSGB2.1,1604.02953349179,43057.2123880371,4150.62296049462,-17916.2584335499,2316.55469673584,3316.3649658967,0,16237.503472969,-13922.7553071399,-4110.57970363598,-1341.61122976605,-35255.8200732799,16706.3573572374,-262.570224961006,0,688.192876961376,-612.740869146089,-30710.0945016596,-322.470911791827,-46.4875128394188,-74.6996760697711,-50.6563647465737,-19.9225406354308,12.2487836645505,-1.66888102985604,-16.0752801621388,-3.17621909060596,-0.099536077799385,35.9563208025847,-57.9190122178693,13.4839911529402,0.114908114122791,8.7845601355092,0,2.06032838208341,0,0,-1.02186584002663,3.54606036125148,27.7472387488237,-23.2595854983608,26.1890238929699,0,-6.98809806086247,0,0,-9.32466557210617,41.1305639871832,-16499.2501920157,-18330.1237233495,8071.20719072225,-322.470911791827,-1341.61122976605,-46.4875128394188,-74.6996760697711,-3398.27936622107,-1056.78496270029,-16476.3410660179,-18286.9415972157,8032.76938316473,-320.802030761971,-1318.54785154305,-43.3112937488128,-74.6001399919717,-3424.91102145155,-1039.9965144696,-70.168131573093,-21.7143985069888,0,-1.42723291184905,-18.8474419878357,-3.30993171314844,0,32.7981356781434,-57.6672621314299,6.02777567357771,1.67694975743507,3.46422352904119,-0.241648118006992,0.711833443613386,0.133712622542483,-0.099536077799385,4.18005096446768,-3.79781044769084,-1.53504135595678,-2.30256203393517,-11.2657132350185
MWAC-0002192,[NH3+][C@H]1CCC[C@@H](N(C(=O)c2ccc3ncsc3c2)c2nc3ccccc3s2)C1,1,1,0,0,0,4,0,1,408.535,6.437,671.525,165.255,114.266,318.998,73.005,1214.494,2,7,0.0341137,0.0147418,0.8197853,42.928,13.527,21.772,13.25,3.198,-4.395,-4.686,-6.696,203.806,-0.233,246.319,-4.18,9.26,1.301,3,0.371,3,87,0,0,76.37,5,0,0,24,0,24,6,28,0.001085599277431,MWAC-0002192,MWAC-0002192-3,glide-grid_repr,17,4,-0.177687028295519,-0.539562469968222,-1.14843073095673,-4.97783679227454,-4.97783679227454,-46.0388145446777,-4.93330812454224,-50.97212266922,3.86530995368958,-73.7447962281528,-0.477203032508473,0,0,-0.134834533333333,0.201259440047659,-4.16868803806807,0,-0.369998109340668,-0.028372519071663,0,0,0,0,0,0,0,1,1,0.0026,1,15,7,12,8,4,2,0,0,6,e9c4edbb62a010dd87737685649ba161b110b6b82ab56d899b35d83d,27,28,0,-18261.3714836134,8083.61189398397,-1064.05203973871,-1336.08954055294,-3462.44706991722,S-OPLS,VSGB2.1,1600.66296894167,43074.879221326,4142.79398482107,-17927.4381913759,2340.15494022122,3298.5553823636,0,16134.6067651316,-13883.7499558069,-4100.28618434152,-1336.08954055294,-35054.8174986046,16579.4095751352,-262.321237760789,0,658.839249859662,-581.745455635661,-30723.80226356,-321.545892601255,-47.31361858462,-74.6667356299567,-40.7734769802883,38.271514063319,2.29115350003303,-0.743861839284364,-13.7624319357301,-4.00232483580723,-0.06659563798496,-15.6645258579674,-47.0964044368459,4.00843269900304,-1.27516741446116,2.37259604207885,0,0.24717450593063,0,0,1.06690095702297,1.59692860843174,33.2400563440673,-12.7014004610059,48.5513573192043,0,-3.77925707416054,0,0,-21.8715226077061,23.0408791677356,-16483.8744866541,-18261.3714836134,8083.61189398397,-321.545892601255,-1336.08954055294,-47.31361858462,-74.6667356299567,-3462.44706991722,-1064.05203973871,-16476.3410660179,-18286.9415972157,8032.76938316473,-320.802030761971,-1318.54785154305,-43.3112937488128,-74.6001399919717,-3424.91102145155,-1039.9965144696,-57.8996500815265,33.9793823513428,-9.095E-13,-1.25839018795483,-13.6562888313917,-3.85872675410683,0,-19.1615854364404,-53.9440412229796,13.1177404022346,5.56729912643641,-0.081442542044897,0.514528348670467,-0.353317610268959,-0.143598081700404,-0.06659563798496,2.43015862145012,5.25070817770188,-1.45619560643887,-2.1842934096583,-9.41171564835458
MWAC-0001622,COc1ccc(-c2ccnc(SCC(=O)Nc3sc4c(c3C(N)=O)CCC4)n2)cc1,1,0,0,0,0,7,0,-2,440.534,5.972,742.56,268.318,159.942,246.738,67.561,1312.194,2,6.75,0.0271764,0.0128555,0.7806069,44.222,14.319,21.835,12.33,3.979,-6.391,-6.422,-6.259,301.417,-1.443,317.315,-2.926,8.651,0.946,7,0.512,1,94.615,0,0,115.276,7,0,2,20,0,20,3,30,0.000212259800845,MWAC-0001622,MWAC-0001622-1,glide-grid_repr,13,8,-0.171115581474662,-0.531695896430466,-1.16637973693903,-5.13856744423987,-5.13856744423987,-50.7739601135254,-5.664963722229,-56.4389238357544,1.99796152114868,-78.5370760975925,-1.03351058060845,0,0,-0.031531666666666,0.26456140439422,-4.16984325522304,0,-0.424872279167175,-0.743371066968758,1,0,0,0,0,0,0,1,1,0.0051,2,14,8,12,7,5,1,1,1,3,159b66b25a11a0b479e449d34863db64c4c7a37d572a7d1432dae0ea,22,30,0,-18389.3955238366,8073.28745028353,-1079.08159763108,-1340.88051001669,-3402.81469791902,S-OPLS,VSGB2.1,1599.46313857232,43011.378604908,4148.9809409197,-17922.917297328,2324.84337079151,3293.54265342292,0,16086.2121487096,-13868.144723758,-4110.53785599258,-1340.88051001669,-35110.1474120275,16616.0677738996,-262.086395061418,0,634.539739481271,-559.823474700816,-30679.3755809398,-322.867620611262,-46.7970733237532,-74.6499704229515,-59.9954419972673,-21.7994818633997,16.0801963751292,-2.0655898492912,-18.6742188996043,-3.48577957494035,-0.049830430979753,31.4074596194796,-61.4081973736347,14.9286441406353,1.32238841391172,14.376436843193,0,0.74113345803507,0,0,-1.39478414494792,-0.116530429556587,-46.8630354626214,-80.6544447574614,24.4378707436684,0,-3.65843957403574,0,0,-9.31113608695011,22.3231142121575,-16583.1995434778,-18389.3955238366,8073.28745028353,-322.867620611262,-1340.88051001669,-46.7970733237532,-74.6499704229515,-3402.81469791902,-1079.08159763108,-16476.3410660179,-18286.9415972157,8032.76938316473,-320.802030761971,-1318.54785154305,-43.3112937488128,-74.6001399919717,-3424.91102145155,-1039.9965144696,-90.2784664748797,-30.9521047535454,9.095E-13,-3.21782936344857,-19.4623569127818,-3.38621377434781,0,29.5722571035349,-62.8322187742767,15.3543803369757,7.83023447623418,1.70375953193525,1.15223951415737,0.047004555142394,-0.099565800592544,-0.049830430979753,3.22998666089234,1.54055183019841,-1.99984806657558,-2.99977209986337,-13.6316181244772
MWAC-0001587,C[NH+](C)CCCN(C(=O)c1ccc2ncsc2c1)c1nc2ccc(Cl)cc2s1,1,1,0,0,0,6,0,1,430.969,3.561,712.19,225.892,70.948,264.312,151.038,1279.971,0,8,0.0099086,0,0.8005147,43.742,13.578,19.313,10.323,3.617,-3.986,-4.545,-6.747,524.81,0.233,1832.202,-3.383,9.117,1.434,3,-0.061,3,96.809,0,0,58.017,5,0,0,18,0,18,0,28,0.018426985970663,MWAC-0001587,MWAC-0001587-1,glide-grid_repr,14,7,-0.047148289402546,-0.143169975483548,-0.304729866785048,-1.33845210327127,-1.33845210327127,-45.5628700256348,-3.88841247558594,-49.4512825012207,5.59303140640259,-61.0302868855436,0,0,0,-0.060054333333333,0.274141560810584,-3.9111951885011,0,-0.291630935668945,-0.349713206578478,3,0,0,0,0,0,0,1,6,0.0183,2,15,9,12,8,4,0,0,1,6,292914d1074157c35cafcada8553af40757cb978d31e30573c2950a8,171,28,0,-18267.0608365813,8070.44010148885,-1072.397989642,-1335.64989471706,-3444.14290143207,S-OPLS,VSGB2.1,1599.52971578457,43040.5885316206,4141.49528684637,-17898.056340742,2329.41509885791,3294.15229852809,0,16182.4762854174,-13921.885413231,-4103.64642616932,-1335.64989471706,-35125.1379007498,16634.5173716878,-262.90386200077,0,675.600778751149,-599.326280367051,-30699.9807704004,-320.391189986939,-44.9783219973545,-74.6611839880023,-40.8306103615541,23.9634098684728,8.65602570836745,0.410840775032057,-13.939867259988,-1.66702824854166,-0.061043996030634,-0.629250306664744,-57.5636969021814,7.90303156666383,-0.017573790191088,12.4811482060892,0,-0.830839388215461,0,0,0.308320014185128,-4.038023475204,28.3294595235711,-4.08264923408937,29.0146926157521,0,-3.16217591402082,0,0,-18.602629673853,25.1622217297822,-16488.8422168559,-18267.0608365813,8070.44010148885,-320.391189986939,-1335.64989471706,-44.9783219973545,-74.6611839880023,-3444.14290143207,-1072.397989642,-16476.3410660179,-18286.9415972157,8032.76938316473,-320.802030761971,-1318.54785154305,-43.3112937488128,-74.6001399919717,-3424.91102145155,-1039.9965144696,-59.7114285738899,18.9866487165564,-0.277904196714189,-0.398239538070357,-12.921789342585,-1.89003784715727,0,-6.90581683776736,-56.3042895281594,10.9777866456716,4.99433494210825,-3.54721830100789,0.809080313102413,-0.187238529187425,0.223009598615612,-0.061043996030634,5.96824651691759,2.77861610118202,-1.45823608434122,-2.18735412651183,-9.42490371025971
MWAC-0000214,O=C([O-])c1cc(S(=O)(=O)NNc2ccccc2)ccc1O,1,0,0,1,0,6,1,-2,308.308,2.8,533.077,0,235.943,296.636,0.499,904.522,3,7.25,0.0086682,0.0235564,0.8485047,29.025,11.003,18.304,14.836,1.337,-2.698,-3.358,-3.591,14.523,-1.982,6.53,-4.247,8.474,1.17,2,-0.644,2,55.57,0,0,132.506,7,0,1,12,0,12,0,21,0.034986088520041,MWAC-0000214,MWAC-0000214-1,glide-grid_repr,12,6,-0.25678944868639,-0.708462617501484,-1.33330411821119,-5.39807842241419,-5.39807842241419,-33.5766983032227,-7.29070329666138,-40.867401599884,1.8610497713089,-54.5756030872631,-1.23951198479216,0,0,-0.4756572,0.251667166149228,-3.21957046649822,0,-0.546802747249603,-0.168203190023437,0,0,0,0,0,0,0,1,5,0.0055,2,12,5,9,5,3,1,1,1,5,40abe33df4f634e2fa20681f3db3343dffe4aa058972cf5676714943,14,21,0,-18321.8168595912,8042.00697104602,-1055.11885889712,-1327.25664428164,-3422.6222955691,S-OPLS,VSGB2.1,1598.76351564753,43161.7037113465,4138.35488160594,-17960.9295613973,2304.88857379255,3291.01372436951,0,16170.6644103928,-13918.4319123179,-4083.90035268565,-1327.25664428164,-35184.9277508189,16705.5429667125,-262.232230580978,0,692.446480834901,-616.934006779215,-30793.5734931337,-322.469894608209,-43.568883252708,-74.1921923043011,-30.1693825453476,-18.4425649810328,2.67291566556105,-1.66786384623765,-8.49329058395006,-0.25758950389519,0.407947687670557,32.7155938740138,-37.1045308574514,3.53603608374917,0.920859608894865,2.99343009426224,0,0.098528161622462,0,0,-0.926528627372818,0.449746846342361,-18.5282088950427,-16.4326973945032,6.56467221572653,0,-0.215502154635982,0,0,-30.426867991561,21.9821864299311,-16525.0386574583,-18321.8168595912,8042.00697104602,-322.469894608209,-1327.25664428164,-43.568883252708,-74.1921923043011,-3422.6222955691,-1055.11885889712,-16476.3410660179,-18286.9415972157,8032.76938316473,-320.802030761971,-1318.54785154305,-43.3112937488128,-74.6001399919717,-3424.91102145155,-1039.9965144696,-39.3635376379498,-19.5910887209357,9.095E-13,-2.25581373393362,-8.9084932614312,-0.576038513782507,0,30.9235459238175,-38.9556493316763,5.65811900885092,0.227664131009078,-0.320514428702154,0.58794988769597,0.316674515858722,0.318449009887317,0.407947687670557,2.71857657756891,1.40137162788255,-1.43663726406417,-2.15495589609626,-7.45931887135959
MWAC-0000177,COC(=O)CSC1=C(C#N)C(=O)N[C@H](/C=C/c2ccccc2)S1,1,0,0,0,0,6,1,-2,346.418,10.48,668.045,177.926,188.19,224.792,77.137,1112.64,1,6,0.0987175,0.0089814,0.7773128,36.668,12.245,18.437,10.214,2.986,-6.591,-5.52,-6.207,162.664,-1.685,183.825,-3.62,9.468,1.887,2,0.193,1,84.004,0,0,103.673,5,0,1,12,0,12,1,23,2.13309504117E-05,MWAC-0000177,MWAC-0000177-1,glide-grid_repr,6,6,-0.078690246487107,-0.223784593387173,-0.437644347858635,-1.83997566920347,-1.83997566920347,-33.7080726623535,-9.16318988800049,-42.871262550354,6.79752635955811,-53.1535606384277,-0.816747052744814,-0.2,0,-0.3452468,0.339468475717049,-2.45681733414006,0,-0.687239241600037,-0.180895620218919,2.50750190378332,0,0,0,0,0,0,1,1,0.0301,2,10,5,8,5,3,0,2,1,2,994fc91910f3060be4d35c87c7fdb6487a0f4400e09bdf01fc9b1d5e,156,23,0,-18356.9535586739,8048.99157231013,-1068.61404618729,-1335.08001367736,-3412.887337385,S-OPLS,VSGB2.1,1597.81014480457,43115.4420852916,4141.50362740618,-17979.8900366213,2309.67780009938,3283.54439329519,0,16083.1774247654,-13845.1622010607,-4090.34015345212,-1335.08001367736,-35123.3358065295,16648.6010993142,-261.818286030354,0,683.204823090236,-606.602391910697,-30745.2758923981,-321.505830818952,-43.9873493883753,-74.5027748437436,-46.1278186423951,-12.6241615921899,4.13245017869303,-0.703800056981322,-14.3945628931619,-0.676055639562541,0.097365148228136,21.3544506944645,-43.3135044818573,4.15893184229769,1.75002119651769,3.83600852849514,0,-0.086386352363868,0,0,-0.889967903955551,-0.450743626395738,-42.0704540041646,-57.3877998659669,12.0897389667021,0,-2.1375992411527,0,0,-9.33076662791123,14.6959727641641,-16564.5393386645,-18356.9535586739,8048.99157231013,-321.505830818952,-1335.08001367736,-43.9873493883753,-74.5027748437436,-3412.887337385,-1068.61404618729,-16476.3410660179,-18286.9415972157,8032.76938316473,-320.802030761971,-1318.54785154305,-43.3112937488128,-74.6001399919717,-3424.91102145155,-1039.9965144696,-56.9060339504576,-22.4528288484798,0,-1.6065139608454,-14.4950830499399,-0.73337247533064,0,24.3204905554585,-41.9387261713098,6.61928346576315,8.07864605977375,0.296441650198176,0.902713903864083,0.186906509141863,0.057316835768098,0.097365148228136,-2.07607195703849,-0.92403468415182,-2.00555733227805,-3.00833599841707,-11.1541248116657
MWAC-0000142,COc1ccc(CN2CC[NH+](CCCCN3C(=O)COc4ccccc43)CC2)c2ccccc12,1,2,0,0,0,8,0,1,459.587,4.205,800.321,397.581,46.236,356.504,0,1476.252,0,8.5,0.0119782,0,0.7834436,51.193,14.885,21.416,10.992,3.83,-3.191,-4.029,-8.189,224.515,0.376,120.471,-4.473,8.189,0.578,6,0.29,3,91.455,0,0,54.542,6,0,0,26,0,26,5,34,0.009958462357905,MWAC-0000142,MWAC-0000142-1,glide-grid_repr,14,8,-0.045124150149372,-0.14618472917469,-0.338952475556234,-1.72292110507866,-1.72292110507866,-50.0082664489746,-6.01960849761963,-56.0278749465942,5.1917552947998,-78.4636829661088,0,0,0,0,0.243996946495402,-5.12519600319603,0,-0.451470637321472,-0.390251411056562,4,0,0,0,0,0,0,1,3,0.1887,3,15,10,12,7,4,1,0,1,5,46614dd68d86e91a11b13d5a8968e0aac4969914713fcfbb24a16481,164,34,0,-18215.8831642861,8070.05248778609,-1059.5492421421,-1349.14524303323,-3457.27705065112,S-OPLS,VSGB2.1,1603.4579914159,42963.4600256444,4148.60481934129,-17838.5410949215,2317.98967702889,3316.74157183261,0,16215.4922250635,-13893.7533247857,-4113.24383095635,-1349.14524303323,-35142.3324695142,16606.306949767,-263.046983018363,0,710.957080164595,-632.982347033926,-30661.7672593213,-321.445881209222,-44.5435845142113,-74.6808347811032,-61.724829602299,35.6638430252715,7.92190843304343,-0.643850447251168,-24.194157411647,-1.23229076539855,-0.080694789131485,-15.2620425500995,-63.8975450970697,6.5694352691617,0.220576106200483,4.0387482745225,0,-0.056122684302773,0,0,-0.483037149706917,2.84927072244846,85.5933827892266,35.3945899043384,29.3611961883148,0,-6.40323407853135,0,0,-17.1039866494659,44.3448174245706,-16452.472512831,-18215.8831642861,8070.05248778609,-321.445881209222,-1349.14524303323,-44.5435845142113,-74.6808347811032,-3457.27705065112,-1059.5492421421,-16476.3410660179,-18286.9415972157,8032.76938316473,-320.802030761971,-1318.54785154305,-43.3112937488128,-74.6001399919717,-3424.91102145155,-1039.9965144696,-79.7782042252984,28.0815064655908,5.457E-12,-0.814010974050177,-24.4349548183914,-1.4017690449909,0,-13.7402883964533,-67.4686874570239,11.4839393538387,7.36176045348111,3.88316015851524,0.170160526799009,0.296920091047241,0.169478279592354,-0.080694789131485,-1.03871700393893,0.721871637505728,-1.8154361647735,-2.72315424716025,-13.6367461819744
MWAC-0000141,COc1cc2ncnc(N3CCN(CCCCN4C(=O)COc5ccccc54)CC3)c2cc1OC,1,1,0,0,0,7,0,1,477.562,2.935,793.524,455.091,75.632,262.8,0,1474.19,0,9.75,0.0058426,0,0.7894188,50.858,14.379,21.946,11.99,3.422,-3.79,-4.879,-6.919,473.781,-0.269,244.1,-3.378,8.812,1.177,6,-0.008,3,94.868,0,0,85.029,9,0,0,26,0,26,5,35,0.032403216744268,MWAC-0000141,MWAC-0000141-2,glide-grid_repr,11,8,-0.167931177944197,-0.549314017952547,-1.29026172066535,-6.37499122804689,-6.37499122804689,-49.7951393127441,-6.07418298721313,-55.8693222999573,10.3893527984619,-82.2576882997695,-0.904872204208704,0,0,0,0.190345163037316,-4.80490046283451,0,-0.455563724040985,-0.4,0,0,0,0,0,0,0,1,6,0.4974,2,16,9,14,7,6,0,1,2,6,2a72ac2b824b8cac60302e9230cc0abadef52057c54202a38c15e710,5,35,0,-18269.7076053852,8080.32342036517,-1055.3656788432,-1343.38020562718,-3406.18052074954,S-OPLS,VSGB2.1,1604.05357702948,43017.9892760231,4149.42675633895,-17873.7133860472,2326.84308699673,3320.51806224291,0,16247.5345313023,-13906.3095909326,-4114.4182803151,-1343.38020562718,-35182.853981584,16642.813596352,-261.465460771012,0,665.611844896478,-590.066199813043,-30696.8942163318,-321.454883465205,-44.8315957655401,-74.6372202809187,-55.5571050818653,-0.094164030197135,3.92727991509037,-0.652852703234203,-20.0023642825995,-1.52030201672733,-0.03708028894701,27.6667776654099,-64.8443993406343,4.26247608059046,0.146692843063875,2.99689821930407,0,0.079872694048799,0,0,0.257218010877523,0.781794313296153,96.6638813481391,17.3281558606914,43.6267572853476,0,-4.82998980153135,0,0,-8.93627696340155,49.475234967033,-16435.2342897516,-18269.7076053852,8080.32342036517,-321.454883465205,-1343.38020562718,-44.8315957655401,-74.6372202809187,-3406.18052074954,-1055.3656788432,-16476.3410660179,-18286.9415972157,8032.76938316473,-320.802030761971,-1318.54785154305,-43.3112937488128,-74.6001399919717,-3424.91102145155,-1039.9965144696,-71.9047769903627,-8.69572970310037,9.095E-13,-1.30168617129505,-20.2394221892232,-1.59616496990419,0,28.3279918975945,-68.3997658544324,12.085195827909,8.45487282983959,0.9303816957854,0.648833468060843,0.157185212574859,0.075862953176866,-0.03708028894701,-0.918432243062398,2.77357220050203,-1.58734585948187,-2.3810187892228,-12.1960175889832
MWAC-0000140,COc1ccc(CN2CC[NH+](CCCCN3C(=O)C(=O)c4ccccc43)CC2)c2ccccc12,1,2,0,0,0,8,2,1,457.571,7.996,818.85,344.688,109.616,364.546,0,1487.629,0,9.75,0.0429768,0,0.7696447,51.726,15.582,22.962,12.754,2.866,-2.888,-3.411,-8.45,56.261,-0.355,26.992,-5.613,8.234,1.172,4,-0.011,3,75.054,0,0,77.39,6,0,0,25,0,25,4,34,0.001445050334806,MWAC-0000140,MWAC-0000140-1,glide-grid_repr,8,8,-0.081368504245453,-0.263602366296013,-0.611203886499958,-2.94622914434539,-2.94622914434539,-50.7071914672852,-7.56242036819458,-58.2696118354797,1.63670349121094,-87.0625850545849,-0.361558722319556,0,0,0,0.245954009055738,-4.46344290346697,0,-0.567181527614594,-0.8,3,0,0,0,0,0,0,1,9,0.1797,2,17,9,16,8,7,0,1,2,5,d6e28803e4640b4c2632290ea17221f1da1dc14a9e1ed446fdd190f0,138,34,0,-18204.3942866924,8059.51172957642,-1069.85065697842,-1344.42335959211,-3454.81632955724,S-OPLS,VSGB2.1,1601.2377497487,42986.7975363291,4144.26188751874,-17841.3964813581,2314.01209230899,3307.24796839027,0,16216.344311336,-13904.2681190011,-4114.02703912881,-1344.42335959211,-35111.8529320829,16597.2041658483,-263.071586239883,0,691.114334054475,-612.961891474052,-30680.1915399014,-321.164854017228,-44.8360946495844,-74.6269114783718,-63.7982370749778,29.6603103415,1.93090762979045,-0.362823255257183,-20.202547627687,-1.5248009007716,-0.026771486400051,-10.046484444983,-63.2260273311513,2.34535754647646,0.38351488783438,1.26355372333821,0,0.288663238087839,0,0,-0.05926137406388,0.468887071279937,85.5385397039346,52.8870001817831,24.8114387819004,0,-5.67296042137561,0,0,-19.8588236607045,33.3718848223313,-16454.6007633889,-18204.3942866924,8059.51172957642,-321.164854017228,-1344.42335959211,-44.8360946495844,-74.6269114783718,-3454.81632955724,-1069.85065697842,-16476.3410660179,-18286.9415972157,8032.76938316473,-320.802030761971,-1318.54785154305,-43.3112937488128,-74.6001399919717,-3424.91102145155,-1039.9965144696,-77.1425372348858,24.1998529183002,-1.819E-12,-0.835053824340036,-21.7826867490069,-1.22801518105594,0,-10.7747953870503,-66.7218390117393,10.9989426134307,5.07694253536465,0.667353906454082,0.472230569082853,1.29147588323212,-0.296785719715665,-0.026771486400051,0.787572316130991,3.02692460930825,-1.87641873749935,-2.81462810624902,-14.0948200497988
MWAC-0000139,COc1cc2ncnc(N3CC[NH+](CCCCN4C(=O)C(=O)c5ccccc54)CC3)c2cc1OC,1,1,0,0,0,7,2,0,475.546,6.595,808.792,414.789,131.823,262.18,0,1481.749,0,11,0.0293536,0,0.7771614,51.155,14.913,23.266,13.636,2.473,-3.425,-4.261,-7.114,138.906,-0.915,64.805,-4.416,8.788,1.192,4,-0.32,3,79.774,0,0,105.35,9,0,0,25,0,25,4,35,0.006856943467306,MWAC-0000139,MWAC-0000139-1,glide-grid_repr,7,8,-0.194649738861753,-0.636712202323109,-1.49554781944233,-7.13434086016136,-7.13434086016136,-46.3216018676758,-9.9080982208252,-56.229700088501,16.1000080108643,-85.1295526483916,-0.848751944780292,0,-0.386375304609798,0,0.191081231586325,-4.65000820169472,0,-0.74310736656189,-0.697179274100983,0,0,0,0,0,0,0,1,3,0.3216,2,18,11,16,7,8,1,2,2,5,4ee3d2ad00e2e6c397a06b0f240cfd5ef36c615eb9af4ee5034bf25b,1,35,0,-18205.2825153951,8075.79000544336,-1072.13091196424,-1341.38911817842,-3462.10925980479,S-OPLS,VSGB2.1,1601.7965219506,43013.1957045983,4147.11211455191,-17868.1755140608,2326.88136894085,3307.70292147001,0,16250.4625946993,-13913.2451070953,-4117.80976930569,-1341.38911817842,-35153.2437878162,16617.2322982477,-262.024064128557,0,697.498677721732,-620.485805433458,-30690.6308360612,-321.972422242588,-44.0145442141067,-74.4463025687698,-60.7464662827661,34.9449780891046,9.61913639383238,-1.17039148061673,-18.540041445302,-0.703250465293856,0.153837423201935,-18.5105077952785,-66.5402270023944,6.75293478955174,0.885750489149416,4.68727863948274,0,0.18282693878765,0,0,-0.90523370154699,1.90231242367894,91.5324633760168,46.7141037314905,33.4014858848003,0,-4.30122519007088,0,0,-18.6877305579588,34.4058295077558,-16445.5550689246,-18205.2825153951,8075.79000544336,-321.972422242588,-1341.38911817842,-44.0145442141067,-74.4463025687698,-3462.10925980479,-1072.13091196424,-16476.3410660179,-18286.9415972157,8032.76938316473,-320.802030761971,-1318.54785154305,-43.3112937488128,-74.6001399919717,-3424.91102145155,-1039.9965144696,-78.0795823434855,29.505678794525,-9.095E-13,-1.80252230451822,-19.0513171492928,-0.547837238503149,0,-16.3576635598456,-69.8259208858628,10.5801812711688,4.55354880543018,4.93185775435086,0.632130823901491,0.32844876520312,-0.155413226790706,0.153837423201935,-1.24761053388602,1.38338145978946,-1.73561332236474,-2.60341998354712,-13.3351975442475
MWAC-0000124,CC1=NN(c2ccccc2)C(=S)/C1=C\Nc1ccc(Cl)cc1,1,0,0,0,0,3,0,1,327.831,4.031,611.102,85.349,29.366,372.957,123.43,1039.869,1,4,0.0156277,0.0065456,0.8122762,37.097,11.752,16.276,8.713,4.826,-6.006,-5.292,-6.348,5217.03,0.389,10000,-0.459,8.158,1.682,2,0.538,3,100,0,0,35.822,3,0,1,17,0,17,0,22,0.112531431187882,MWAC-0000124,MWAC-0000124-1,glide-grid_repr,7,3,-0.169791864900088,-0.47576348298517,-0.913073151987348,-3.73542102780193,-3.73542102780193,-36.5292472839355,-2.12268137931824,-38.6519286632538,0.824005246162415,-51.3349503437272,0,0,0,-0.407227133333333,0.149725244702906,-3.88082562792105,0,-0.159201103448868,-0.550149722402648,0,0,0,1.11225731460106,0,0,0,1,9,0,1,11,4,8,4,4,0,0,0,1,0d29e6339d2933923a72a9a81c55c331a70ed6a8c32ef3e8f58d4b01,112,22,0,-18324.3961703023,8044.76556834825,-1059.5963765007,-1337.98857775911,-3412.46061856646,S-OPLS,VSGB2.1,1598.91182587394,43085.9960477693,4139.61363667484,-17930.3416923299,2306.24010579947,3287.8272027425,0,16152.6037402729,-13922.0492510999,-4085.4344375269,-1337.98857775911,-35136.5800235019,16677.9602240037,-261.989141716298,0,659.580112926619,-584.610097444126,-30739.4158494655,-321.767225074203,-43.2699170278822,-74.5992217296524,-44.6762307317949,-8.4426656272808,3.31485201420492,-0.965194312232086,-17.0744204087216,0.041376720930593,0.000918262319289,20.1686922886811,-41.7197896696746,0.376559663642325,0.729082520421361,0.89582403079863,0,-0.011173498672848,0,0,-0.304471008346127,-0.93270238055867,-8.29524186238137,-29.0119074593479,8.68133316931802,0,-2.36630580733396,0,0,-7.71828940359437,22.1199276385769,-16529.3125386121,-18324.3961703023,8044.76556834825,-321.767225074203,-1337.98857775911,-43.2699170278822,-74.5992217296524,-3412.46061856646,-1059.5963765007,-16476.3410660179,-18286.9415972157,8032.76938316473,-320.802030761971,-1318.54785154305,-43.3112937488128,-74.6001399919717,-3424.91102145155,-1039.9965144696,-45.7446208291367,-1.98219515270466,1.819E-12,-0.088683435986127,-17.1383769659694,-0.345669118717822,0,15.3250752697581,-41.5147714255208,0.69183043369776,-7.18955299499794,2.4190279834047,-0.876510876245959,0.075130055920681,0.387045839648415,0.000918262319289,5.14808802726884,0.727684136404832,-2.03073776053613,-3.0461066408042,-10.9205003959615
MWAC-0000110,C[NH+](C)CCCN(C(=O)c1ccc2ncsc2c1)c1nc2ccccc2s1,1,1,0,0,0,6,0,1,396.524,5.518,701.259,227.812,69.018,321.481,82.948,1239.153,0,8,0.0245759,0,0.7956152,42.654,13.111,18.845,10.648,3.172,-3.483,-3.814,-7.098,547.4,0.077,812.38,-3.146,9.042,1.279,3,-0.179,3,94.526,0,0,57.991,5,0,0,18,0,18,0,27,0.093363144101842,MWAC-0000110,MWAC-0000110-1,glide-grid_repr,6,7,-0.135866870018791,-0.407600609608579,-0.853944319798961,-3.68670549050737,-3.68670549050737,-41.9865951538086,-6.39950895309448,-48.3861041069031,7.69423818588257,-60.7605285644531,-0.9,0,0,-0.1748702,0.318517878743511,-3.45038999776879,0,-0.479963171482086,0,1,0,0,0,0,0,0,1,10,0.0183,1,17,8,11,7,4,1,0,1,6,d50871b6c38eb68bba40fea96091ef908f9f8deb93965e69b9e0eff6,115,27,0,-18272.3329455539,8068.31900303365,-1065.63129595559,-1334.18381047083,-3443.90604962282,S-OPLS,VSGB2.1,1599.33810603147,43097.1615879974,4142.82588522443,-17940.3033312521,2326.15501177774,3293.84835135159,0,16169.5675992912,-13897.035675837,-4097.87735273826,-1334.18381047083,-35117.492901647,16630.3013171543,-261.602294568928,0,675.59235680195,-600.931743942534,-30733.0982037428,-321.718444510331,-43.2366080626386,-74.6703081727318,-45.4453590576122,13.5195401552446,0.56686011101192,-0.916413748360014,-12.0671762033987,0.074685686174206,-0.070168180760135,0.875294649611988,-47.4279815271047,3.1506798683759,0.738754088451543,1.49625711557317,0,0.298872789123871,0,0,-0.122175189081361,0.738971064308682,34.4259657602833,1.08911150652672,34.9827597579069,0,-3.56878272437864,0,0,-19.8703228208851,21.7932000411135,-16487.3604593152,-18272.3329455539,8068.31900303365,-321.718444510331,-1334.18381047083,-43.2366080626386,-74.6703081727318,-3443.90604962282,-1065.63129595559,-16476.3410660179,-18286.9415972157,8032.76938316473,-320.802030761971,-1318.54785154305,-43.3112937488128,-74.6001399919717,-3424.91102145155,-1039.9965144696,-50.7904820462609,15.0709923798386,-0.271973853233249,-0.765224816454236,-12.4855087063002,-0.017374428396849,0,-0.648366291790353,-51.6730263299237,2.1944431202719,-2.29020631304593,-0.657423151327748,-0.151188931905779,0.119459713777587,0.092060114571055,-0.070168180760135,1.64583613048353,3.50607373851039,-1.68316144657823,-2.52474216986735,-10.5789303633129
MWAC-0000102,COc1ccc([C@@H]2CC(c3nc4ccccc4s3)=Nc3ccccc3S2)cc1,1,0,0,0,0,1,0,2,402.528,3.64,653.476,134.908,15.143,436.731,66.694,1197.805,0,3.75,0.0110616,0,0.8346912,45.311,13,17.449,7.862,5.944,-6.765,-7.011,-6.29,7117.095,0.522,9570.635,-0.164,8.769,1.326,4,1.05,1,100,0,0,33.451,3,1,1,26,0,21,2,28,0.047391543151571,MWAC-0000102,MWAC-0000102-2,glide-grid_repr,5,3,-0.010217421041221,-0.031026108020319,-0.066037461639273,-0.286087789154179,-0.286087789154179,-45.7880897521973,-1.51468789577484,-47.3027776479721,1.66762399673462,-63.9669687067902,0,-0.25,0,-0.158220599999999,0.103812976368224,-3.86807857333929,0,-0.113601592183113,0,4,0,0,0,0,0,0,1,14,0,2,17,8,14,8,6,0,0,2,5,3171c8ab66dd6e804e133c43fc5aa222bb3b488ae0af94041fad484f,178,28,0,-18308.5431952709,8072.12656106838,-1066.48724959471,-1340.06180191458,-3407.96927822216,S-OPLS,VSGB2.1,1600.43146514859,43022.2215929635,4146.95214307378,-17910.6236783707,2324.74295284601,3302.19483222142,0,16185.5254615631,-13894.0377825551,-4106.33294137706,-1340.06180191458,-35157.2037634315,16642.9389873567,-262.349140439076,0,663.135106597468,-587.362392836462,-30681.10600478,-321.843584649843,-44.2515720255682,-74.698679314652,-48.396371975763,-0.879846613719565,6.63352454246706,-1.0415538878716,-16.0473591110178,-0.9402782767554,-0.098539322680324,24.1609487508567,-60.1832680570205,2.73548794745413,-0.833232592542803,5.93028742107856,0,0.379056908268848,0,0,0.472561709172851,-3.21318549852334,33.0086380696054,-20.7217514415141,32.7236533611818,0,-5.46659126050731,0,0,-7.21920552146391,33.6925329319089,-16491.7287999241,-18308.5431952709,8072.12656106838,-321.843584649843,-1340.06180191458,-44.2515720255682,-74.698679314652,-3407.96927822216,-1066.48724959471,-16476.3410660179,-18286.9415972157,8032.76938316473,-320.802030761971,-1318.54785154305,-43.3112937488128,-74.6001399919717,-3424.91102145155,-1039.9965144696,-58.8580069274867,-7.35150033223545,2.7285E-12,-1.0493692317288,-17.1826555525888,-1.17722946179742,0,25.2813506552966,-57.3786030044425,7.72614700426857,7.30488631105982,0.703237121386337,0.007815343857203,0.75623953330205,0.236951185042024,-0.098539322680324,-1.59296361361294,0.408520445945442,-1.72844185627725,-2.59266278441588,-11.1713036312327
MWAC-0000084,CCOC(=O)N1CCc2c(sc(NCc3cccnc3)c2C(=O)Nc2ccc(OC)cc2OC)C1,1,0,0,0,0,8,0,-2,496.58,4.756,860.668,427.109,121.842,280.352,31.365,1544.533,1,8,0.0146434,0.0092951,0.7508056,53.199,16.207,23.594,12.117,5.193,-7.7,-7.162,-6.901,692.58,-1.283,494.009,-2.009,8.277,0.457,9,0.841,1,95.231,0,0,108.538,9,1,2,21,0,21,3,35,9.69823141921E-05,MWAC-0000084,MWAC-0000084-1,glide-grid_repr,5,11,-0.116365423721166,-0.380639016754024,-0.894067758438017,-4.0745898302408,-4.0745898302408,-54.5153160095215,-5.49223899841309,-60.0075550079346,0,-81.9858005322314,-0.454652173341108,0,0,0,0.283545003230053,-4.49156473524877,0,-0.411917924880981,0,1,0,0,0,0,0,0,1,12,0.0018,3,21,10,18,11,6,0,1,1,7,ea67c37568855dae65d3ef5bcc1dbdb2c3ccf542566537841cbaf933,86,35,0,-18379.6628076839,8090.14727171601,-1077.42409690707,-1343.97293528958,-3398.02675672947,S-OPLS,VSGB2.1,1601.5524179459,43005.9992380841,4147.79184517277,-17932.630945926,2340.80300859734,3304.88892064719,0,16114.7789443434,-13828.310623694,-4119.73088658768,-1343.97293528958,-35176.7441552267,16626.9599278456,-262.58213096658,0,682.302403199337,-604.903191730332,-30665.1411613088,-324.882920406566,-43.8229934640021,-70.176346068839,-65.6360852797152,-34.3340257951895,14.3257612056386,-4.08088964459546,-19.1466566181102,-0.511699715189252,4.42379392313273,41.9210760615438,-68.2334446969273,8.92220697468352,-0.905864674640981,9.53514665997859,0,0.659057451726381,0,0,-0.471008677576918,0.104876215196487,-5.84443353580926,-58.3871846730212,43.0521273456449,0,-6.2784271284231,0,0,-15.0368113394662,30.8058622594563,-16547.8215848334,-18379.6628076839,8090.14727171601,-324.882920406566,-1343.97293528958,-43.8229934640021,-70.176346068839,-3398.02675672947,-1077.42409690707,-16476.3410660179,-18286.9415972157,8032.76938316473,-320.802030761971,-1318.54785154305,-43.3112937488128,-74.6001399919717,-3424.91102145155,-1039.9965144696,-89.2170813874618,-33.1831668796549,-1.819E-12,-3.81477404892007,-19.9062353189561,-0.841207435897971,0,39.5937565008321,-71.0654542048762,14.6587891330601,-0.244994240892993,4.79061454566181,-0.266115595675387,0.100521249119538,0.329507720708719,4.42379392313273,2.79832823828883,2.72713329275234,-1.87531672227758,-2.81297508341637,-14.4085774333246
MWAC-0000083,CC(=O)Oc1cccc(C(=O)Nc2ccccc2Sc2ncnc3sc4c(c23)CCCC4)c1,1,0,0,0,0,5,1,0,475.579,3.959,700.45,253.698,96.931,287.371,62.451,1342.474,1,7,0.0116732,0.0099936,0.8402174,47.106,14.025,21.382,11.297,4.692,-5.881,-7.32,-5.488,1193.177,-0.5,1316.329,-1.814,9.066,1.434,5,0.679,3,100,0,0,95.297,6,0,1,25,0,25,4,33,0.009606072065712,MWAC-0000083,MWAC-0000083-1,glide-grid_repr,6,7,-0.124091854567868,-0.398028883135381,-0.910713736107693,-4.09503120073963,-4.09503120073963,-54.3393821716309,-2.89850997924805,-57.2378921508789,3.35512590408325,-80.8972876062773,-0.250938472629232,-0.15,0,0,0.230146151953129,-4.70685063161992,0,-0.217388248443604,0,1,0,0,0,0,0,0,1,11,0,3,19,8,15,8,6,0,1,1,5,2b973ff163540c367ecd22a70b6e10d74b0fe7db24cb5c98b9eb38f4,83,33,0,-18312.4541128244,8063.08545911999,-1065.77199992347,-1345.29240677818,-3409.57465954343,S-OPLS,VSGB2.1,1601.48989069688,43060.9533866388,4142.93798721006,-17939.0002240323,2318.65758121305,3308.39515948056,0,16162.1704017147,-13863.6207085929,-4111.67400581687,-1345.29240677818,-35152.3799105869,16641.223546857,-262.493153587155,0,677.755396047837,-601.686145688873,-30707.4445147252,-321.710102176748,-44.7075908203181,-74.6849986671807,-50.7148861397618,-4.03346025258361,0.474351121722975,-0.908071414777282,-17.3147025398086,-1.39629707150527,-0.084858675209034,25.9153238176591,-53.3671711252337,9.2861192708565,-1.12388874551158,1.11710709193162,0,3.20660243927899,0,0,0.972288526610711,5.11400995854676,15.9455405439801,-21.4790553560665,29.8417248335357,0,-9.42985269532022,0,0,-10.5789619095375,27.5916856713686,-16511.1104116137,-18312.4541128244,8063.08545911999,-321.710102176748,-1345.29240677818,-44.7075908203181,-74.6849986671807,-3409.57465954343,-1065.77199992347,-16476.3410660179,-18286.9415972157,8032.76938316473,-320.802030761971,-1318.54785154305,-43.3112937488128,-74.6001399919717,-3424.91102145155,-1039.9965144696,-64.8703519570663,-8.96024667107849,9.095E-13,-1.0695790837616,-20.4094732362062,-1.34597851498621,0,27.4549129606803,-60.5399874117131,4.86934654644938,6.05067516400595,-0.642755970209691,0.161507668984314,-0.111831742881577,-0.050318556519059,-0.084858675209034,-2.51187766963221,2.05880632793264,-1.53681473150793,-2.3052220972619,-11.278728089856
MWAC-0000082,S=C1NC2(CCCCC2)NN1c1ccc(Cl)cc1,1,0,0,0,0,0,1,2,281.802,7.996,540.807,227.804,30.908,142.029,140.065,897.12,2,3.5,0.0712721,0.0091525,0.8318084,31.105,9.085,15.983,8.623,3.736,-5.355,-4.023,-4.931,5044.238,0.609,10000,-1.589,8.514,0.631,0,0.313,3,100,0,0,36.465,3,0,0,16,0,16,6,18,0.032063672916815,MWAC-0000082,MWAC-0000082-1,glide-grid_repr,5,1,-0.134313611310001,-0.352001240626666,-0.621443181791817,-2.41774500358002,-2.41774500358002,-31.5163593292236,-1.98143148422241,-33.497790813446,1.36939692497253,-44.425590038291,-0.326606019730775,0,0,-0.5,0.097588618751884,-3.02251279024983,0,-0.148607361316681,-0.131390650661205,0,0,0,1.61378319962659,0,0,0,1,1,0.0001,2,11,7,7,3,4,1,0,1,2,d68b9c88c949365843fac0d9bc2ddd75e17287a36db219f7ef6f6612,144,18,0,-18318.011683502,8046.00971786456,-1058.20061328843,-1334.28355002586,-3413.67472300211,S-OPLS,VSGB2.1,1599.59340443593,43105.9764290113,4140.08612852073,-17957.3464128303,2306.3301849079,3280.87368810477,0,16148.0078841973,-13904.9797414095,-4077.58393740933,-1334.28355002586,-35140.4279251558,16684.5041169791,-261.490363983871,0,674.40835745654,-597.587606060588,-30744.2415086923,-321.330092371879,-43.5263738513317,-74.4707247274495,-25.7804914407752,1.61180509509359,1.87619882100716,-0.528061609908377,-13.5417421475922,-0.215080102518947,0.129415264522166,15.561951996815,-30.674978758178,1.93523032392932,-1.45900271049942,0.268120408084862,0,0.138372658503201,0,0,0.711266325519553,2.27647364232112,-15.3664854457879,-32.6818913813647,11.3641358788192,0,-2.19395633521401,0,0,-4.3256535473751,12.4708799393468,-16517.4880429045,-18318.011683502,8046.00971786456,-321.330092371879,-1334.28355002586,-43.5263738513317,-74.4707247274495,-3413.67472300211,-1058.20061328843,-16476.3410660179,-18286.9415972157,8032.76938316473,-320.802030761971,-1318.54785154305,-43.3112937488128,-74.6001399919717,-3424.91102145155,-1039.9965144696,-37.8098683290082,-7.10845820695249,0,-0.986248518271793,-14.2298835134695,0,0,18.5443771872697,-34.0296552775881,10.0941465643009,10.1792660125429,1.60807841292262,0.458186908363416,0.549768707373914,-0.215080102518947,0.129415264522166,-3.69369151597448,1.07820287708887,-1.43224952448751,-2.14837428673127,-6.62674238996553
MWAC-0000079,CC(C)C[C@@]1(C)NC(=S)N(c2ccccc2)N1,1,0,0,0,0,2,1,1,249.373,7.589,519.961,237.296,27.794,186.493,68.378,883.355,2,3.5,0.0651946,0.0095195,0.856284,29.695,8.833,15.113,8.388,3.463,-4.359,-3.415,-4.747,5399.199,0.358,7252.434,-1.183,8.422,0.432,0,0.204,3,100,0,0,36.204,3,0,0,11,0,11,1,17,0.716804995985949,MWAC-0000079,MWAC-0000079-2,glide-grid_repr,4,3,-0.226533485803473,-0.582481381164011,-1.00465821048821,-3.85176925865904,-3.85176925865904,-27.0349864959717,-5.05200862884521,-32.0869951248169,0.632309377193451,-40.4731938049453,-0.7,0,0,-0.5,0.241030171660938,-2.51389878315659,0,-0.378900647163391,0,0,0,0,0,0,0,0,1,5,0.0007,1,12,7,8,4,3,1,0,1,4,2289c3fb79c9975ae2c4222f7e6c846616f7925ddec22203d7ab3d3f,105,17,0,-18326.8698551658,8041.59603727745,-1058.60498520093,-1332.35126128145,-3414.32801781043,S-OPLS,VSGB2.1,1599.16558816154,43087.9548788733,4140.59138913031,-17955.7679999892,2301.8390599856,3280.99696742026,0,16109.8229799023,-13868.2932765407,-4077.65223934832,-1332.35126128145,-35123.0559740192,16661.1561158471,-261.949713272879,0,686.363138951197,-609.390909125613,-30729.9868268754,-320.79218625311,-44.1303642438132,-74.5844747605561,-29.9031206483705,-1.2217174745565,0.521143339260561,0.009844508860851,-11.9039479383014,-0.819070495000403,0.015665231415625,14.3618968768656,-30.8669346968907,1.50638522822916,-0.619182437470556,0.85700997632488,0,0.055772844939072,0,0,0.217311216685012,0.995473627750751,-23.8209207723314,-38.7065404755072,8.30551077345865,0,-1.89946180010071,0,0,-3.77889323574092,12.2584639655587,-16530.0651074386,-18326.8698551658,8041.59603727745,-320.79218625311,-1332.35126128145,-44.1303642438132,-74.5844747605561,-3414.32801781043,-1058.60498520093,-16476.3410660179,-18286.9415972157,8032.76938316473,-320.802030761971,-1318.54785154305,-43.3112937488128,-74.6001399919717,-3424.91102145155,-1039.9965144696,-34.4195767139136,-10.2880073748565,0,-0.04178578728488,-11.9926480936117,-0.610473093341099,0,20.480012481321,-31.9666748461434,3.01007083731383,9.68547233776917,-0.3358666370641,0.051630296145731,0.032927310371406,-0.208597401659304,0.015665231415625,-6.33542682114012,0.104266521502041,-1.75900709696297,-2.63851064544446,-7.80105826740334
MWAC-0000066,COc1ccc(N2CSC3=C(C#N)[C@H](c4ccccc4OC)CC(=O)N3C2)c(OC)c1,1,0,0,0,0,4,0,-1,437.512,5.195,726.13,355.755,97.746,241.428,31.201,1323.139,0,7.75,0.0203947,0,0.8027016,46.535,13.159,19.892,10.536,3.878,-6.404,-6.829,-5.876,1172.133,-0.612,870.618,-2.086,8.591,0.734,7,0.216,1,100,0,0,78.272,7,0,2,22,0,22,4,31,0.001413450232695,MWAC-0000066,MWAC-0000066-1,glide-grid_repr,3,5,-0.137210931720494,-0.431031765709969,-0.959303373503804,-4.2535388833353,-4.2535388833353,-43.5772857666016,-5.20583772659302,-48.7831234931946,9.10450077056885,-63.3605021244256,-0.574236004676039,0,0,-0.041625266666666,0.089297730635784,-3.3914744975411,0,-0.390437829494476,0,0,0,0,0.054936984407198,0,0,0,1,25,0,3,16,9,11,7,3,0,1,1,6,e0c02b8bd917c72898f3a597c829db2f5d687d0a487157dc4f1f2b84,71,31,0,-18316.6055528475,8072.00634041685,-1054.04551452096,-1345.98841205708,-3413.35814302322,S-OPLS,VSGB2.1,1604.49523925157,43064.4657284305,4150.37965089841,-17931.2601358204,2317.13145026687,3312.32635652387,0,16144.559167618,-13857.3129517201,-4104.19507537173,-1345.98841205708,-35139.0024277935,16632.4950153571,-262.176795673104,0,677.837707328042,-601.760975499123,-30719.9848237713,-321.60449462727,-44.9462052032271,-74.6312521891232,-52.5786933636991,-0.876998101444769,4.34828505179757,-0.802463865299217,-19.9560022392495,-1.6349114544143,-0.031112197151458,20.459081358661,-54.0845719165641,3.9490018471586,-0.069382098885999,3.60001168773979,0,0.146623285366281,0,0,0.069553789566243,0.202195183372268,29.7465253300769,-28.7869575303438,34.8886722003259,0,-7.48455827477547,0,0,-8.90620293032988,40.0355718652001,-16499.1732340515,-18316.6055528475,8072.00634041685,-321.60449462727,-1345.98841205708,-44.9462052032271,-74.6312521891232,-3413.35814302322,-1054.04551452096,-16476.3410660179,-18286.9415972157,8032.76938316473,-320.802030761971,-1318.54785154305,-43.3112937488128,-74.6001399919717,-3424.91102145155,-1039.9965144696,-65.0363209371426,-17.1761233359357,-1.819E-12,-1.73528720171663,-20.0946642330623,-1.28243649891643,0,27.5826838143753,-52.3304934818832,8.50862572628466,16.3685073333763,0.748273364059969,0.932823336417414,-0.007961291553556,-0.352474955497875,-0.031112197151458,-7.19315624528053,-1.95627361805305,-1.69608688269997,-2.54413032404996,-11.8581066969507
MWAC-0000065,COc1ccc(N2CSC3=C(C#N)[C@@H](c4ccccc4OC)CC(=O)N3C2)cc1,1,0,0,0,0,3,0,0,407.486,3.767,696.713,290.099,107.724,267.226,31.664,1245.396,0,7,0.0113921,0,0.8034942,44.312,12.683,18.691,10.191,3.833,-6.36,-6.539,-5.986,942.662,-0.652,691.967,-2.275,8.491,0.967,6,0.234,1,100,0,0,72.732,6,0,1,22,0,22,4,29,0.000851761894828,MWAC-0000065,MWAC-0000065-2,glide-grid_repr,2,4,-0.13998202520653,-0.430069130852878,-0.929517689897808,-4.05947873098936,-4.05947873098936,-43.2843322753906,-3.61615180969238,-46.900484085083,2.22786331176758,-60.2583889150276,-0.275995462336565,-0.175,0,-0.141711866666666,0.101550416355543,-4.29711043261474,0,-0.271211385726929,0,1,0,0,0,0,0,0,1,46,0,3,17,11,11,6,4,0,1,1,3,b94782f876cb3783b035af5bd1898a2e1117c511e1ba3dd5bec93ebd,89,29,0,-18347.5322107444,8067.23649298873,-1054.54892438571,-1345.72509633124,-3400.74681129489,S-OPLS,VSGB2.1,1603.16330672209,43036.9558520459,4155.67564514808,-17914.3847839879,2308.39754111856,3308.71929430022,0,16136.5352190379,-13872.7425371675,-4101.6997253791,-1345.72509633124,-35162.1591997897,16651.6402785315,-261.568493306834,0,678.091770007407,-600.486924024167,-30701.7286966926,-322.512968850766,-44.9633748134193,-74.737026980783,-61.9478352946462,-24.9205898717591,9.28578722405746,-1.71093808879471,-21.2787624915436,-1.65208106460654,-0.136886988811284,32.8850788511645,-54.4194428643243,4.19968004633277,0.261946575658449,6.31458113952725,0,0.54975314360158,0,0,-0.445226187636862,-2.48137462481767,14.758980900061,-35.6700236569485,25.1813225999402,0,-5.89848229664198,0,0,-8.7208686945029,39.8670329482142,-16523.5299204125,-18347.5322107444,8067.23649298873,-322.512968850766,-1345.72509633124,-44.9633748134193,-74.737026980783,-3400.74681129489,-1054.54892438571,-16476.3410660179,-18286.9415972157,8032.76938316473,-320.802030761971,-1318.54785154305,-43.3112937488128,-74.6001399919717,-3424.91102145155,-1039.9965144696,-72.8935973677617,-19.1989449037392,0,-1.12402017931652,-22.6538328813485,-1.59623731446705,0,24.9547196297526,-53.2752817186422,6.74608202678064,-5.9835915436779,2.97120608453042,-0.586917909478188,0.82531724620344,-0.055843750139495,-0.136886988811284,8.37558540904911,1.33721347913547,-2.13613225153952,-3.20419837730929,-14.1844834209086
MWAC-0000064,COc1ccccc1[C@H]1CC(=O)N2CN(c3ccccc3)CSC2=C1C#N,1,0,0,0,0,2,0,0,377.46,2.892,661.749,199.285,107.515,323.527,31.421,1172.431,0,6.25,0.0071333,0,0.8125742,42.572,12.371,17.757,9.97,3.655,-6.296,-6.249,-6.108,946.959,-0.566,693.253,-2.169,8.756,0.989,5,0.265,1,100,0,0,64.804,5,0,1,22,0,22,4,27,0.001292285168423,MWAC-0000064,MWAC-0000064-1,glide-grid_repr,22,3,-0.146016096762971,-0.438048289807668,-0.91773378169902,-3.94243461260022,-3.94243461260022,-40.5932960510254,-3.9027624130249,-44.4960584640503,2.97849774360657,-57.2101669311523,-0.240225917242476,-0.175,0,-0.241798466666666,0.116522672025566,-4.10922571973978,0,-0.292707180976868,0,1,0,0,0,0,0,0,1,10,0,1,17,11,11,6,4,0,1,1,3,7af82033667c6493092de10c596ecd94ac04866fb141babf9042480f,98,27,0,-18333.2941544436,8063.70539875671,-1052.95888042835,-1342.0179872146,-3402.21801454534,S-OPLS,VSGB2.1,1603.78599415094,43061.5303431416,4151.63953476296,-17923.8025974487,2308.2798698428,3304.87825254344,0,16133.8525220888,-13870.4432338242,-4096.46094680376,-1342.0179872146,-35133.8885422196,16642.5569436599,-261.376186168025,0,666.741865687155,-593.021425729775,-30719.0380443441,-322.130580454906,-44.6681376773895,-74.6831043324427,-56.0575041205411,-22.8673059457287,8.45567396785918,-1.32854969293516,-18.424894634707,-1.35684392857669,-0.082964340470952,30.2505374930038,-50.703157038962,3.25784910063339,0.352211975877701,6.18390556764975,0,0.44665216636305,0,0,-0.539568434125584,-3.18535217513153,24.1331097984878,-23.485251282205,22.4803416241171,0,-5.04524103684063,0,0,-7.55753058679625,37.7407910802126,-16508.26546034,-18333.2941544436,8063.70539875671,-322.130580454906,-1342.0179872146,-44.6681376773895,-74.6831043324427,-3402.21801454534,-1052.95888042835,-16476.3410660179,-18286.9415972157,8032.76938316473,-320.802030761971,-1318.54785154305,-43.3112937488128,-74.6001399919717,-3424.91102145155,-1039.9965144696,-64.9843838772067,-17.0378705090588,-9.095E-13,-1.25448495834968,-19.7262889921985,-1.53021601684289,0,23.2112293332111,-48.6467527339544,5.66903065603037,-6.18164741254441,2.27176840021093,-0.074064734585477,0.85474219112848,0.173372088266191,-0.082964340470952,7.57887659391827,1.12894787012397,-2.07620385631634,-3.11430578447451,-13.0492627790779
MWAC-0000062,COc1ccc(N2CSC3=C(C#N)[C@@H](c4ccccc4)CC(=O)N3C2)cc1,1,0,0,0,0,2,0,0,377.46,3.132,654.528,203.339,107.249,311.877,32.063,1165.219,0,6.25,0.0084185,0,0.8181674,42.172,12.22,17.638,9.872,3.598,-6.162,-6.249,-5.962,952.49,-0.547,703.3,-2.205,8.545,1.039,5,0.244,3,100,0,0,65.601,5,0,1,22,0,22,4,27,0.001619155070052,MWAC-0000062,MWAC-0000062-2,glide-grid_repr,21,3,-0.162091451152821,-0.486274352924235,-1.01876987363275,-4.37646918112615,-4.37646918112615,-40.7883911132812,-3.52499175071716,-44.3133828639984,1.9439480304718,-57.6110689222428,-0.35,-0.175,0,-0.241798466666666,0.116522672025566,-4.46181900518127,0,-0.264374381303787,0,1,0,0,0,0,0,0,1,66,0,1,16,9,12,7,4,0,1,1,3,7d9e62cf6fffa32c6d2062eb20917b052bbdaa171515976427a62e45,62,27,0,-18331.6663553116,8066.4097210406,-1055.0835177706,-1343.34054848932,-3408.19158965804,S-OPLS,VSGB2.1,1602.78389095807,43052.5422065934,4152.53880112133,-17919.3363449869,2311.08702896119,3303.9509517862,0,16144.5502895972,-13877.8607415464,-4097.91565377331,-1343.34054848932,-35138.386840705,16639.5043995549,-261.118815783486,0,662.170195796183,-587.316296781612,-30715.7248124915,-322.080675256702,-45.1745581389145,-74.7258328218567,-57.9192038829788,-15.6264514718023,7.53962564367612,-1.27864449473105,-19.7360667970486,-1.86326439010174,-0.125692829885011,24.7160025506851,-51.5447120937508,4.58357288859244,0.150908436920552,6.93470894827058,0,0.767044243177191,0,0,-0.586378534308253,-2.68271020546759,20.4069134944588,-29.0983066240992,26.1007122321943,0,-5.05663014921997,0,0,-7.9965707571708,36.4577087927545,-16513.8533564064,-18331.6663553116,8066.4097210406,-322.080675256702,-1343.34054848932,-45.1745581389145,-74.7258328218567,-3408.19158965804,-1055.0835177706,-16476.3410660179,-18286.9415972157,8032.76938316473,-320.802030761971,-1318.54785154305,-43.3112937488128,-74.6001399919717,-3424.91102145155,-1039.9965144696,-68.0180447937819,-15.6229269459654,-1.819E-12,-1.09332211856179,-21.2496865526591,-1.72538351290763,0,21.9074665361632,-50.2341921998495,5.51526802220906,-0.15443296275771,0.604916695407155,-0.185322376169267,0.74657551243331,-0.137880877194114,-0.125692829885011,3.39491454883,1.37219031156633,-2.14515569936958,-3.21773354905438,-13.4826357912541
MWAC-0000061,N#CC1=C2SCN(c3ccccc3)CN2C(=O)C[C@@H]1c1ccccc1,1,0,0,0,0,1,0,0,347.434,3.012,617.604,110.132,106.698,367.887,32.887,1093.46,0,5.5,0.0082949,0,0.8311062,40.477,11.939,16.792,9.642,3.568,-6.022,-5.96,-6.019,964.004,-0.446,719.942,-2.094,8.802,1.059,4,0.279,3,100,0,0,56.06,4,0,1,22,0,22,4,25,0.002662723848463,MWAC-0000061,MWAC-0000061-1,glide-grid_repr,18,2,-0.162304076974825,-0.474579999549451,-0.961773252593277,-4.05760192437063,-4.05760192437063,-30.707124710083,-8.59726238250732,-39.3043870925903,1.00241601467133,-52.8008689880371,-0.905188720422754,0,0,-0.341885066666666,0.135088054500495,-3.30082151309366,0,-0.644794678688049,0,1,0,0,0,0,0,0,1,87,0,2,15,8,10,6,3,0,1,1,2,a0fa763feaa02dbb784f45b64a3e234ef506b722ae4148a31976def7,90,25,0,-18315.8925434231,8056.66700462439,-1049.29884190186,-1341.88448554505,-3409.09584280499,S-OPLS,VSGB2.1,1601.00111507554,43061.5000361636,4143.23889654769,-17928.0737426564,2312.42699300116,3304.1295368314,0,16144.7267441836,-13879.9220420193,-4091.63458426712,-1341.88448554505,-35136.093225602,16651.3831231511,-261.79379446614,0,675.473937995393,-596.936127123897,-30717.0470903201,-321.859907165624,-46.1332080509646,-74.6136142937615,-54.9486320181932,-13.0287431183096,2.36996950562298,-1.05787640365287,-19.2861642697148,-2.82191430215181,-0.013474301789756,22.8464989266358,-43.9569280548046,4.72437707731964,0.25570195061146,5.73134384194804,0,0.301491222134271,0,0,0.065946910232171,-1.63010684760627,29.1782594751832,-15.9222030890448,21.5276519540415,0,-4.05046973228238,0,0,-7.03132028007832,34.6546006225472,-16502.1114385609,-18315.8925434231,8056.66700462439,-321.859907165624,-1341.88448554505,-46.1332080509646,-74.6136142937615,-3409.09584280499,-1049.29884190186,-16476.3410660179,-18286.9415972157,8032.76938316473,-320.802030761971,-1318.54785154305,-43.3112937488128,-74.6001399919717,-3424.91102145155,-1039.9965144696,-63.6035924183088,-13.4754580742956,-1.819E-12,-0.981197241041116,-20.1690534579982,-2.68097622007201,0,19.8935345634882,-46.190441988387,3.93058332279543,0.191013005372952,-3.36137433632393,-0.076679162611754,0.581397966149098,-0.140938082079799,-0.013474301789756,2.88701745291519,3.8636207811885,-2.19794528072773,-3.29691792109159,-13.0244724659346
MWAC-0000058,COc1ccc(N2CSC3=C(C#N)[C@H](c4cc(OC)ccc4OC)CC(=O)N3C2)cc1,1,0,0,0,0,4,0,-1,437.512,5.105,710.038,394.607,97.036,191.554,26.841,1301.7,0,7.75,0.0200231,0,0.8120023,45.201,12.549,19.347,10.152,3.668,-6.08,-6.829,-5.488,1190.448,-0.593,837.955,-2.249,8.648,0.85,7,0.154,3,100,0,0,79.907,7,0,2,22,0,22,4,31,0.002049387530601,MWAC-0000058,MWAC-0000058-1,glide-grid_repr,1,5,-0.147254719010281,-0.462583124742726,-1.02952401051161,-4.56489628931871,-4.56489628931871,-45.7839088439941,-1.49901795387268,-47.2829267978668,8.08085155487061,-62.8299488671116,-0.297823440726004,0,0,-0.041625266666666,0.089297730635784,-4.20231896602137,0,-0.112426346540451,0,0,0,0,0,0,0,0,1,4,0,2,15,10,11,6,4,0,1,1,4,1d73e271f2993b555fdce63fc8dcdf1159d8d4b74c6fd1d2dc0ec2e7,49,31,0,-18340.4359677177,8067.46815290936,-1054.35787296754,-1340.95219947419,-3403.61549406426,S-OPLS,VSGB2.1,1602.98088801953,43050.9148505882,4151.05109170498,-17925.7808092444,2313.43617318485,3312.29042868078,0,16141.9481252218,-13878.676292341,-4104.68510438217,-1340.95219947419,-35146.9954377837,16646.1658627373,-261.963197266146,0,664.611344844271,-588.233423439855,-30708.0056823645,-321.212265064088,-43.8828218837978,-74.7936424146042,-44.5345065734437,-8.08652920094391,7.1271841670814,-0.410234302116635,-16.816925669468,-0.57152813498503,-0.193502422632449,30.3899910819487,-55.9729620923049,4.07213867174586,-0.883784470187365,6.0783061542194,0,-0.084534361273486,0,0,0.455263309283467,-1.49311196029616,9.09346191453082,-45.4078413010538,27.5715855775463,0,-5.58742226167643,0,0,-9.09446369465417,41.6116035943689,-16511.7821106768,-18340.4359677177,8067.46815290936,-321.212265064088,-1340.95219947419,-43.8828218837978,-74.7936424146042,-3403.61549406426,-1054.35787296754,-16476.3410660179,-18286.9415972157,8032.76938316473,-320.802030761971,-1318.54785154305,-43.3112937488128,-74.6001399919717,-3424.91102145155,-1039.9965144696,-57.3513322598883,-13.9832200872042,0,-1.04905865629985,-17.6019502826173,-0.321422342618632,0,30.1948972949085,-54.5905781860572,8.74468701469959,6.78047535644873,1.04887801286168,0.638824354183214,0.869558974422716,-0.250105792366398,-0.193502422632449,-0.260169522243359,0.110728054048423,-1.43659698624012,-2.15489547936018,-10.0438960510295
MWAC-0000052,Cc1cc(C)nc(SCC(=O)Nc2sc3c(c2C(N)=O)CCCCCC3)n1,1,0,0,0,0,5,0,0,404.544,4.683,562.938,345.876,124.462,31.294,61.306,1120.199,2,6,0.0195789,0.0150732,0.9266186,35.765,10.874,18.353,9.891,3.159,-3.9,-5.254,-2.869,654.077,-0.554,677.487,-3.223,9.011,1.085,7,0.337,3,95.838,0,0,101.408,6,0,1,17,0,11,6,27,0.030471344004621,MWAC-0000052,MWAC-0000052-1,glide-grid_repr,3,6,-0.143804848621469,-0.431414545390449,-0.90383574467321,-3.88743091277965,-3.88743091277965,-39.0710830688477,-10.0904102325439,-49.1614933013916,2.03948450088501,-66.4405377932891,-1.46789108252021,0,0,-0.151495133333333,0.257205398984378,-3.16371564324015,0,-0.756780767440796,-0.367198755062048,1,0,0,0.76244506983251,0,0,0,1,1,0.0047,1,11,4,9,6,3,2,1,1,5,1a7ee02314ded30417f42b86b9ec0d18e6103639badd1472dee70d8a,103,27,0,-18386.4475206081,8066.74748109521,-1070.62170343056,-1335.23111364481,-3409.27747747444,S-OPLS,VSGB2.1,1600.08485397983,43130.3603228893,4148.25005184163,-18004.155301772,2318.41257527375,3286.09785598768,0,16054.1143911793,-13834.3757060075,-4093.98638692183,-1335.23111364481,-35114.8683237145,16644.9557580259,-262.733172496413,0,674.306411927053,-596.737987238967,-30749.324563371,-323.148733603146,-43.5045521326683,-74.6257117160948,-43.0304559915821,-13.4109528410409,4.47679360636994,-2.3467028411751,-13.6971078329843,-0.193258383855543,-0.025571724123125,27.8220955629004,-45.6557515376464,5.5515134477979,-1.32507327951019,5.04674178043864,0,-0.061604993989639,0,0,0.710148644103469,1.1813012967556,-56.7378095051245,-86.0949705513575,29.5013043241119,0,-2.98615426877445,0,0,-12.1885515857864,15.0305625766819,-16576.1093315146,-18386.4475206081,8066.74748109521,-323.148733603146,-1335.23111364481,-43.5045521326683,-74.6257117160948,-3409.27747747444,-1070.62170343056,-16476.3410660179,-18286.9415972157,8032.76938316473,-320.802030761971,-1318.54785154305,-43.3112937488128,-74.6001399919717,-3424.91102145155,-1039.9965144696,-55.5122409500145,-19.3725320234007,1.819E-12,-2.52650379520969,-14.6610373238511,-0.000706148792958,0,27.2150485554689,-46.1665102142235,6.93027151063507,7.28665246187302,-0.569948174071214,0.17980095403459,1.02553448485651,-0.192552235062585,-0.025571724123125,-0.103101636671909,-0.670542620178594,-1.59372059228082,-2.39058088842123,-10.0167807423297
MWAC-0000049,N#C[C@H]1C(=S)NC(=O)C[C@H]1c1ccccc1Cl,1,0,0,0,0,1,0,0,264.729,5.48,441.298,44.001,122.977,144.98,129.34,763.058,1,4,0.039351,0.0090642,0.9151062,25.126,8.596,12.848,7.833,2.19,-4.241,-4.529,-3.597,675.627,-0.158,1655.04,-3.179,9.561,2.142,4,-0.071,3,90.413,0,0,75.612,3,0,0,12,0,12,3,17,0.007123906554625,MWAC-0000049,MWAC-0000049-4,glide-grid_repr,20,1,0.021971074902664,0.056493820370841,0.097439990895487,-0.243591726654705,-0.243591726654705,-31.3911380767822,-4.08708810806274,-35.478226184845,0.243610352277756,-45.9638570695776,-0.132203066801969,0,0,-0.5,0.108745381086959,-2.3645626408784,0,-0.306531608104706,-0.168577510385312,2.68262475409635,0,0,0.436912964332369,0,0,0,1,2,0.6171,1,11,6,8,5,2,0,0,1,5,d88efa6b29fefd608d354580483b954e6f6eeb4c783546462ab92f70,185,17,0,-18320.0169293098,8045.14764970996,-1055.61738587718,-1332.90272193778,-3417.69779239203,S-OPLS,VSGB2.1,1598.3554858782,43102.6280112894,4140.45546664347,-17956.1043251275,2306.3366971883,3284.60220812343,0,16130.0395115488,-13870.0438633309,-4078.67513664072,-1332.90272193778,-35117.3009716966,16649.2587651789,-261.544457359895,0,667.24453083797,-593.68172987591,-30749.754650526,-321.718973235433,-43.8953544251374,-74.6144402010702,-32.5105382872243,-4.53350797250459,2.28824489441286,-0.916942473462029,-12.8084453467002,-0.584060676324647,-0.014300209098522,15.1850114053191,-31.126537908842,1.47423570330824,-0.134953809648437,1.26586409896287,0,-0.012654165984184,0,0,0.364350756187847,-0.008371176209863,-12.4643433633398,-28.541824121587,10.0900216508215,0,-1.54642504803264,0,0,-7.97178234580043,15.5056665012588,-16521.3159476685,-18320.0169293098,8045.14764970996,-321.718973235433,-1332.90272193778,-43.8953544251374,-74.6144402010702,-3417.69779239203,-1055.61738587718,-16476.3410660179,-18286.9415972157,8032.76938316473,-320.802030761971,-1318.54785154305,-43.3112937488128,-74.6001399919717,-3424.91102145155,-1039.9965144696,-38.104562603763,-8.32625594747515,2.7285E-12,-0.962265756118654,-12.4835298771209,-0.711589930289904,0,15.3123056000163,-30.9332266927804,4.11978861323223,3.92770178461797,1.02238079544713,0.045323282656625,-0.312261303595278,0.127529253965257,-0.014300209098522,-0.491644950885075,-0.184940039851654,-1.91238460513084,-2.86857690769627,-8.48127546504428
MWAC-0000046,Cc1cccc(NC(=S)NC2CCCC2)n1,1,0,0,0,0,2,0,1,235.346,8.322,530.239,303.119,36.891,139.592,50.638,861.331,2,3.5,0.0803966,0.0093349,0.8256699,28.365,8.088,14.639,8.149,3.126,-4.458,-2.887,-5.019,4426.54,0.206,4678.025,-1.516,8.162,0.634,2,0.133,3,100,0,0,40.008,3,0,0,11,0,11,5,16,0.250256584978442,MWAC-0000046,MWAC-0000046-1,glide-grid_repr,13,4,-0.305434635655882,-0.769647052948329,-1.29538482201493,-4.88705417049411,-4.88705417049411,-29.6093692779541,-7.57720470428467,-37.1865739822388,1.96825480461121,-49.0658755172149,-1.09258486121978,0,0,-0.5,0.399116507589262,-3.12529546404225,0,-0.56829035282135,0,0,0,0,0,0,0,0,1,2,0.0001,1,11,6,9,6,3,1,0,1,3,702b1d7f44ade2478dbcdfb22ffc8c030ad785c0a6edaf4757e266d3,32,16,0,-18316.9011723845,8054.80516624763,-1062.63198432505,-1331.79304553333,-3413.25726047831,S-OPLS,VSGB2.1,1598.98199493558,43064.8620522787,4148.49157773932,-17936.782596404,2307.33159357273,3280.20844072555,0,16113.6407230687,-13881.1728150656,-4080.727860594,-1331.79304553333,-35108.5360970842,16653.4804566895,-262.112564456608,0,677.994201630959,-600.287358727973,-30713.356999249,-321.943319135526,-44.2964085839194,-74.6485299277482,-33.208752013179,-0.967274336402625,2.13100398927236,-1.14128837355491,-12.2143530186661,-0.985114835106579,-0.04838993577647,18.3685402345222,-38.3518757374416,1.29089363259031,0.511658094094059,0.586358100714421,0,-0.020783349263392,0,0,-0.091380142540139,0.305040929585353,-1.11673608970891,-28.9923008324354,19.9047790936258,0,-1.03084097161109,0,0,-6.71477926127768,15.7164058819895,-16510.6665541208,-18316.9011723845,8054.80516624763,-321.943319135526,-1331.79304553333,-44.2964085839194,-74.6485299277482,-3413.25726047831,-1062.63198432505,-16476.3410660179,-18286.9415972157,8032.76938316473,-320.802030761971,-1318.54785154305,-43.3112937488128,-74.6001399919717,-3424.91102145155,-1039.9965144696,-44.9983823597431,-17.8266409355601,0,-1.29789008322734,-13.0763092879979,-0.648061096459841,0,23.9622092180566,-36.1116901745447,10.4987367139729,16.3477085050617,1.54464588855808,0.156601709672429,0.882739618595224,-0.337053738646738,-0.04838993577647,-5.50228884099442,-2.54522649248224,-2.07554700082369,-3.11332050123553,-8.80264308097254
MWAC-0000035,O=C1N2CCCc3cccc(c32)[C@]12Nc1ccccc1S2,1,1,0,0,0,0,0,2,294.37,5.758,527.203,141.422,55.009,297.427,33.345,905.691,1,4.5,0.0366033,0.0085356,0.8586979,32.932,9.565,15.161,9.294,2.659,-3.229,-3.298,-5.963,743.271,0.546,604.808,-3.548,8.125,0.552,1,0.229,3,93.902,0,0,42.893,3,0,0,20,0,20,4,21,0.049176141197567,MWAC-0000035,MWAC-0000035-2,glide-grid_repr,2,0,-0.208724850878418,-0.575856036715608,-1.08374274983971,-4.38322186844677,-4.38322186844677,-31.9551792144775,-5.07847499847412,-37.0336542129517,0,-49.5707550048828,-0.7,0,0,-0.5,0,-3.03373252863756,0,-0.380885624885559,0,0,0,0,0.231396285076346,0,0,0,1,2,0,1,8,5,6,2,4,1,0,1,1,425bbcac76db84e33c28896c47b5bb3ccf25625b406e2f2c3b0ead0c,60,21,0,-18275.4341500728,8048.73216744988,-1056.88888148237,-1336.70289696197,-3414.1367572597,S-OPLS,VSGB2.1,1599.47011313924,43078.1078380468,4139.35184105914,-17909.753640099,2309.9102132515,3288.36710931465,0,16225.0445638184,-13942.2687050195,-4083.61321903037,-1336.70289696197,-35182.1147527212,16690.3440909423,-261.642771766644,0,681.636038829995,-605.369512144405,-30725.1968289858,-322.115499227237,-44.0351717920834,-74.5535937580109,-33.0903125465811,-1.91752936060948,3.45197536065734,-1.3134684652656,-14.508000877129,-0.723878043270581,0.046546233960811,17.7016956857337,-35.8276530806324,5.77203546833954,0.328227189289404,4.57526226749475,0,0.548956529277855,0,0,0.20638142174942,0.113208060528123,34.2965954601883,13.4249765034993,12.510808924496,0,-3.64704454178802,0,0,-6.92743149388492,18.9352860678658,-16475.1347831043,-18275.4341500728,8048.73216744988,-322.115499227237,-1336.70289696197,-44.0351717920834,-74.5535937580109,-3414.1367572597,-1056.88888148237,-16476.3410660179,-18286.9415972157,8032.76938316473,-320.802030761971,-1318.54785154305,-43.3112937488128,-74.6001399919717,-3424.91102145155,-1039.9965144696,-43.1936540185488,-12.3941034938325,3.638E-12,-0.7516780195823,-15.6698391765765,-0.627925371829505,0,22.8402067404581,-36.5903146971777,4.33130600363074,10.1483469439336,-1.1232869068408,-0.5617904456833,0.612881770169452,-0.095952671441076,0.046546233960811,-5.34489247647389,0.649453556017079,-1.57572916888481,-2.36359375332722,-8.18151291186975
MWAC-0000034,O=C(CSc1nnc([N-]C(=O)c2ccccc2Cl)s1)c1ccc([N+](=O)[O-])cc1,1,0,0,0,0,9,0,-2,434.871,11.101,704.197,20.258,235.04,319.422,129.477,1207.656,1,6,0.1020364,0.0085203,0.7788124,39.448,14.56,20.027,10.62,3.571,-5.969,-6.677,-6.634,58.481,-2.245,117.737,-3.862,9.143,1.919,3,0.321,3,79.482,0,0,129.704,8,0,1,17,0,17,0,28,6.41147841571E-05,MWAC-0000034,MWAC-0000034-1,glide-grid_repr,15,8,-0.229702001967006,-0.697510565216022,-1.48461505913904,-6.57355605507616,-6.57355605507616,-47.9616470336914,-7.60278654098511,-55.5644335746765,13.5641174316406,-80.7387192228727,-1.18190417543683,0,0,-0.053765333333333,0.317315649768249,-4.5192861900185,0,-0.570208990573883,-0.16496583720268,1,0,0,0.099258821720813,0,0,-1.5,1,1,0.1419,1,18,12,12,6,5,0,2,1,2,a1fe505163d29e6d3eca3e4a9576742a58d0405867b8e5032d45a5f7,3,28,0,-18358.2557035597,8068.20859021817,-1073.93038358104,-1341.08557869784,-3369.04319420353,S-OPLS,VSGB2.1,1599.88949609271,43068.2304418891,4143.00358222972,-17928.1714780621,2325.31551189573,3291.79499536576,0,16155.1750136831,-13873.8989030298,-4102.78915639684,-1341.08557869784,-35169.1739854401,16667.5918582882,-262.936222549959,0,655.743268197216,-579.615604377618,-30723.1795089113,-322.942982052517,-47.0515172008392,-74.6117523722653,-62.2532201330505,-70.2010745621665,9.62330096253208,-2.14095129054579,-20.7617352550608,-3.74022345202638,-0.011612380293641,83.9864472187987,-59.0073713742622,5.11796116897105,-1.4987907780354,7.71391390558831,0,-0.266606550929128,0,0,0.710477516129643,-1.54103292378238,19.8817647013763,-1.1130317818444,25.8159060909039,0,-1.77599189972528,0,0,-28.118619970781,25.0735022628231,-16518.7125214496,-18358.2557035597,8068.20859021817,-322.942982052517,-1341.08557869784,-47.0515172008392,-74.6117523722653,-3369.04319420353,-1073.93038358104,-16476.3410660179,-18286.9415972157,8032.76938316473,-320.802030761971,-1318.54785154305,-43.3112937488128,-74.6001399919717,-3424.91102145155,-1039.9965144696,-75.8556460872751,-77.9013451153623,0,-2.23477769049163,-20.6753520632972,-3.55954967183544,0,82.7376532989456,-54.222274845235,8.48446478525148,9.19906133123004,1.90938705694407,0.09382639994584,0.180223359165439,-0.180673780190936,-0.011612380293641,0.538316403723456,-3.24406360524495,-2.22332929046609,-3.33499393569913,-14.3698710406755
MWAC-0000032,NS(=O)(=O)c1cc2c3c(c1)[C@@H]1C=CC[C@@H]1[C@@H](c1ccc([N+](=O)[O-])cc1)N3C[C@H]1CC=C[C@@H]21,1,0,0,0,0,3,0,-2,449.523,5.539,676.015,173.535,237.319,263.452,1.709,1268.337,2,6.5,0.0241861,0.0135979,0.8382341,45.195,13.985,22.454,13.423,3.08,-5.699,-6.674,-5.406,55.642,-1.865,22.266,-4.677,8.841,1.353,8,0.654,2,76.22,0,0,111.204,7,0,1,25,0,25,8,32,1.88877864334E-05,MWAC-0000032,MWAC-0000032-2,glide-grid_repr,11,3,-0.09485016412456,-0.301130500273487,-0.67966519249001,-3.03810525198592,-3.03810525198592,-46.6783828735352,-3.38587713241577,-50.0642600059509,0.434042483568192,-65.6017814949037,-0.7,0,0,-0.001589599999999,0.04250610530191,-3.12508097235665,0,-0.253940784931183,0,1,0,0,0,0,0,0,1,5,0.0029,3,16,8,10,8,1,1,0,0,6,9dd31202700c747806c32dc931577d95ea469c3bb5572239b7fa1da0,131,32,0,-18326.5452440662,8063.39252498204,-1061.90219117984,-1339.96445804134,-3418.49271428789,S-OPLS,VSGB2.1,1601.52425312044,43094.9469898962,4143.28482902404,-17950.7169162556,2318.58344283756,3301.68992757501,0,16145.4176000935,-13875.0967030688,-4100.9258969147,-1339.96445804134,-35143.2488528014,16640.9258966473,-262.666221840157,0,671.286008641695,-596.998760929488,-30731.5532205775,-321.812179830777,-44.2151091045209,-74.7704741548566,-40.8665569870755,10.6143480303399,1.33260881088245,-1.01014906880636,-12.8951347812795,-0.903815355708083,-0.170334162884927,11.9703017841925,-49.8043822437812,4.61303377363222,0.46634033472894,2.44037435499126,0,0.338361957160489,0,0,-0.337460965378,1.70541809212955,-7.102222678434,-50.2179948808654,29.2905330064311,0,-8.52147171700694,0,0,-5.55199462053039,27.8987055335376,-16524.3098456834,-18326.5452440662,8063.39252498204,-321.812179830777,-1339.96445804134,-44.2151091045209,-74.7704741548566,-3418.49271428789,-1061.90219117984,-16476.3410660179,-18286.9415972157,8032.76938316473,-320.802030761971,-1318.54785154305,-43.3112937488128,-74.6001399919717,-3424.91102145155,-1039.9965144696,-51.5624509462468,0.217159475225344,9.095E-13,-1.18906143105971,-14.1694915648652,-0.844584482847537,0,16.8029519941924,-52.3794249368937,6.08286018553918,9.93084822038509,-1.1077655441095,0.178912362253357,0.935994826425258,-0.059230872860546,-0.170334162884927,-4.495189244622,0.869624600982888,-1.27707990584611,-1.91561985876916,-9.15113608967668
MWAC-0000021,O=C(NC(=S)NNS(=O)(=O)c1ccc(Cl)cc1)c1cccnc1,1,0,0,0,0,4,1,-2,370.828,8.803,571.828,0,186.803,265.048,119.977,1011.379,2,8,0.0766195,0.0197852,0.8521366,34.284,12.106,20.431,14.138,1.75,-3.911,-4.293,-5.189,167.668,-1.098,326.068,-3.645,8.761,1.449,2,-0.267,3,77.008,0,0,120.781,7,0,0,12,0,12,0,23,0.010322419656439,MWAC-0000021,MWAC-0000021-2,glide-grid_repr,14,7,-0.230121620878795,-0.654435278283132,-1.27984637478766,-6.49479728021228,-6.49479728021228,-41.6469078063965,-10.9845418930054,-52.6314496994019,3.57284307479858,-75.6165197279142,-1.74182996062641,-0.2,0,-0.263879533333333,0.300682033117649,-3.85368079440513,0,-0.823840641975403,-0.100379245468707,0.188130862479063,0,0,0,0,0,0,1,1,1.202,1,13,5,12,6,6,1,2,1,4,3d936014e6eabf214602846ab32b3d43e37a84716e2fe1957de758cf,16,23,0,-18318.6512564677,8058.85999940719,-1067.15595147441,-1335.47591087485,-3424.66785227861,S-OPLS,VSGB2.1,1598.72420116377,43085.4204067137,4142.09981838145,-17945.9461190808,2318.03597986197,3288.97534435466,0,16160.7423757285,-13892.3878067986,-4094.15718223709,-1335.47591087485,-35151.6015307428,16653.9361078581,-261.974113591979,0,672.207898546571,-596.09546565934,-30729.5949753117,-322.680747765869,-44.8862912941862,-74.6502116686962,-47.4757325287464,1.72265301394873,8.99195828172833,-1.87871700389826,-15.1507488618247,-1.57499754537339,-0.050071676724471,8.82019581545546,-48.3560045520301,8.46836787565191,3.40942561831612,8.40322805964058,0,0.418640117997599,0,0,-1.58289320041948,-2.18003271988288,-5.49142387051866,-33.4323122659734,17.0986579607331,0,-1.77731046997801,0,0,-8.57702664251879,21.1965675472184,-16529.3082224172,-18318.6512564677,8058.85999940719,-322.680747765869,-1335.47591087485,-44.8862912941862,-74.6502116686962,-3424.66785227861,-1067.15595147441,-16476.3410660179,-18286.9415972157,8032.76938316473,-320.802030761971,-1318.54785154305,-43.3112937488128,-74.6001399919717,-3424.91102145155,-1039.9965144696,-62.026312879967,-8.37337171409672,2.7285E-12,-1.79320406104756,-15.6930537389001,-1.66798089859267,0,12.5915546629863,-47.0902571303127,6.08221247556867,6.68659910972929,0.58873022208536,-0.085512942850698,0.123664759077883,0.092983353219289,-0.050071676724471,-2.18846564711157,0.914285298165623,-2.06416228385854,-3.09624342578781,-11.4800626115928
MWAC-0000005,COc1ccccc1N1CSC2=C(C#N)[C@H](c3ccccc3)CC(=O)N2C1,1,0,0,0,0,2,0,0,377.46,4.95,660.554,196.584,107.317,324.175,32.478,1175.646,0,6.25,0.0208383,0,0.8155326,42.707,12.41,18.01,9.97,3.682,-6.278,-6.249,-6.063,951.073,-0.553,705.853,-2.163,8.831,0.912,5,0.274,1,100,0,0,61.911,5,0,1,22,0,22,4,27,0.00136567531791,MWAC-0000005,MWAC-0000005-1,glide-grid_repr,16,3,-0.198629234225827,-0.595887702022832,-1.24841549886078,-5.36298932409733,-5.36298932409733,-37.1397857666016,-8.03410148620605,-45.1738872528076,0.406269311904907,-58.2022590637207,-1.03197492528837,0,0,-0.241798466666666,0.116522672025566,-3.6031809927024,0,-0.602557611465454,0,0,0,0,0,0,0,0,1,2,0,1,16,8,12,6,5,0,1,1,2,07f57c6cf951a5bf5d19a36d764f5457e1d14b64972a40d7cb890fe2,15,27,0,-18310.0071863709,8069.45886443335,-1049.34879249727,-1342.15887221734,-3409.6297932819,S-OPLS,VSGB2.1,1603.16000897749,43036.5849277047,4145.81134280997,-17910.8585163954,2320.48751264588,3307.80902863796,0,16179.9995903046,-13877.8293652484,-4094.90163366126,-1342.15887221734,-35162.1886462572,16639.3544593938,-262.256187473965,0,672.181869581663,-597.62088117508,-30699.2604175615,-323.30813731926,-46.7331751597418,-74.3734502921549,-64.2342497867066,-25.1411131401219,9.44337002408429,-2.5061065572886,-19.2399530130451,-3.42188141092898,0.22668969981676,24.2614144481304,-47.856669837324,1.56119988190804,0.192698118311643,3.378426828705,0,0.055518587108082,0,0,0.245211196658971,-2.31065484887562,54.47477309942,2.07552398495853,27.2461112445312,0,-4.37106766124187,0,0,-8.98018627848373,38.5043918096558,-16486.1005427052,-18310.0071863709,8069.45886443335,-323.30813731926,-1342.15887221734,-46.7331751597418,-74.3734502921549,-3409.6297932819,-1049.34879249727,-16476.3410660179,-18286.9415972157,8032.76938316473,-320.802030761971,-1318.54785154305,-43.3112937488128,-74.6001399919717,-3424.91102145155,-1039.9965144696,-71.8725978420225,-26.4706553704709,-3.638E-12,-2.03779818448538,-19.4278148825456,-3.35376021123751,0,25.6624559713418,-46.2450251646239,6.0771481734082,1.13684411203576,6.06494319538251,-0.468308372803222,0.132343282392412,-0.068121199691461,0.22668969981676,-1.64625271987052,0.699010176175534,-2.37904628839654,-3.56856943259481,-14.9526743659734
MWAC-0000002,COc1ccc(-c2cn3c(C(=O)Nc4ccccc4F)csc3n2)cc1,1,0,0,0,0,3,0,1,367.397,6.475,639.656,92.703,57.768,395.274,93.912,1102.285,1,4.75,0.0380345,0.0074259,0.8067661,39.808,11.979,17.961,9.855,4.624,-6.113,-5.982,-6.544,2806.01,0.021,4933.201,-0.904,8.529,1.339,3,0.557,3,100,39.664,0,56.893,5,0,1,20,0,20,0,26,0.035334672655912,MWAC-0000002,MWAC-0000002-1,glide-grid_repr,9,5,-0.154834534853421,-0.458696700258786,-0.94542194387624,-4.02569790618896,-4.02569790618896,-42.7433280944824,-3.2805380821228,-46.0238661766052,6.24186086654663,-64.8799695322835,-0.646381951511315,0,0,-0.27534079,0.244582945286579,-3.53237829787967,0,-0.24604035615921,-0.57013945592534,1,0,0,0,0,0,0,1,1,0,2,14,6,12,7,5,0,1,2,5,3929a97a612e4d6ab35362260cf3618763d21f4459a872a5406c8a08,93,26,0,-18315.8473930115,8049.963599249,-1063.63090366417,-1335.17067250964,-3411.59263500883,S-OPLS,VSGB2.1,1599.30333496536,43026.756147699,4143.53831794741,-17902.6188404121,2307.12194633624,3292.12106476382,0,16199.8365538542,-13912.5534262948,-4093.77402996481,-1335.17067250964,-35181.6832695699,16655.3691877953,-261.977938463178,0,665.99932270416,-590.293797188943,-30688.2519066072,-321.564857306746,-44.2880632529548,-74.523581154301,-41.2517621130246,-0.624028795529739,3.0006681874811,-0.762826544775351,-15.4123711495154,-0.97676950414202,0.076558837670717,20.8907798379068,-47.443772982085,3.05433417075999,0.255213604119618,2.15719655867894,0,-0.011986999759231,0,0,-0.270975833590597,0.924886841311228,0.938321471746008,-28.2817670003053,14.1935478967929,0,-1.21044981707459,0,0,-7.57239339518364,23.8093837875167,-16516.6545066592,-18315.8473930115,8049.963599249,-321.564857306746,-1335.17067250964,-44.2880632529548,-74.523581154301,-3411.59263500883,-1063.63090366417,-16476.3410660179,-18286.9415972157,8032.76938316473,-320.802030761971,-1318.54785154305,-43.3112937488128,-74.6001399919717,-3424.91102145155,-1039.9965144696,-53.3076213802306,-10.6237252246283,-9.095E-13,-0.678125468251437,-15.8067150905301,-1.07053441781777,0,23.6967229252532,-48.8252441042503,9.00152509644613,9.74448282497906,0.843471628802945,-0.084701076523913,0.406330940774069,0.093764913675749,0.076558837670717,-2.53496725375544,0.456584280854031,-1.58660623511633,-2.3799093526745,-9.68784097417204
4-Acetamidophenol,CC(=O)NC1=CC=C(C=C1)O,0,,,,,,,,,,,,,,,,,,,,,,,,,,,,,,,,,,,,,,,,,,,,,,,,,,,,,,,,,,,,,,,,,,,,,,,,,,,,,,,,,,,,,,,,,,,,,,,,,,,,,,,,,,,,,,,,,,,,,,,,,,,,,,,,,,,,,,,,,,,,,,,,,,,,,,,,,,,,,,,,,,,,,,,,,,,,,,,,,,,,,,,,,,,,,,,,
2-Acetoxybenzoic acid,CC(=O)OC1=CC=CC=C1C(=O)O,0,,,,,,,,,,,,,,,,,,,,,,,,,,,,,,,,,,,,,,,,,,,,,,,,,,,,,,,,,,,,,,,,,,,,,,,,,,,,,,,,,,,,,,,,,,,,,,,,,,,,,,,,,,,,,,,,,,,,,,,,,,,,,,,,,,,,,,,,,,,,,,,,,,,,,,,,,,,,,,,,,,,,,,,,,,,,,,,,,,,,,,,,,,,,,,,,
Ibuprofen,CC(C)CC1=CC=C(C=C1)C(C)C(=O)O,0,,,,,,,,,,,,,,,,,,,,,,,,,,,,,,,,,,,,,,,,,,,,,,,,,,,,,,,,,,,,,,,,,,,,,,,,,,,,,,,,,,,,,,,,,,,,,,,,,,,,,,,,,,,,,,,,,,,,,,,,,,,,,,,,,,,,,,,,,,,,,,,,,,,,,,,,,,,,,,,,,,,,,,,,,,,,,,,,,,,,,,,,,,,,,,,,
chloroquine,CCN(CC)CCCC(C)NC1=C2C=CC(=CC2=NC=C1)Cl,0,,,,,,,,,,,,,,,,,,,,,,,,,,,,,,,,,,,,,,,,,,,,,,,,,,,,,,,,,,,,,,,,,,,,,,,,,,,,,,,,,,,,,,,,,,,,,,,,,,,,,,,,,,,,,,,,,,,,,,,,,,,,,,,,,,,,,,,,,,,,,,,,,,,,,,,,,,,,,,,,,,,,,,,,,,,,,,,,,,,,,,,,,,,,,,,,
hydroxychloroquine,CCN(CCCC(C)NC1=C2C=CC(=CC2=NC=C1)Cl)CCO,0,,,,,,,,,,,,,,,,,,,,,,,,,,,,,,,,,,,,,,,,,,,,,,,,,,,,,,,,,,,,,,,,,,,,,,,,,,,,,,,,,,,,,,,,,,,,,,,,,,,,,,,,,,,,,,,,,,,,,,,,,,,,,,,,,,,,,,,,,,,,,,,,,,,,,,,,,,,,,,,,,,,,,,,,,,,,,,,,,,,,,,,,,,,,,,,,
kaletra,CC1=C(C(=CC=C1)C)OCC(=O)NC(CC2=CC=CC=C2)C(CC(CC3=CC=CC=C3)NC(=O)C(C(C)C)N4CCCNC4=O)O,0,,,,,,,,,,,,,,,,,,,,,,,,,,,,,,,,,,,,,,,,,,,,,,,,,,,,,,,,,,,,,,,,,,,,,,,,,,,,,,,,,,,,,,,,,,,,,,,,,,,,,,,,,,,,,,,,,,,,,,,,,,,,,,,,,,,,,,,,,,,,,,,,,,,,,,,,,,,,,,,,,,,,,,,,,,,,,,,,,,,,,,,,,,,,,,,,
Naproxen,CC(C1=CC2=C(C=C1)C=C(C=C2)OC)C(=O)O,0,,,,,,,,,,,,,,,,,,,,,,,,,,,,,,,,,,,,,,,,,,,,,,,,,,,,,,,,,,,,,,,,,,,,,,,,,,,,,,,,,,,,,,,,,,,,,,,,,,,,,,,,,,,,,,,,,,,,,,,,,,,,,,,,,,,,,,,,,,,,,,,,,,,,,,,,,,,,,,,,,,,,,,,,,,,,,,,,,,,,,,,,,,,,,,,,
Amoxicillin,CC1(C(N2C(S1)C(C2=O)NC(=O)C(C3=CC=C(C=C3)O)N)C(=O)O)C,0,,,,,,,,,,,,,,,,,,,,,,,,,,,,,,,,,,,,,,,,,,,,,,,,,,,,,,,,,,,,,,,,,,,,,,,,,,,,,,,,,,,,,,,,,,,,,,,,,,,,,,,,,,,,,,,,,,,,,,,,,,,,,,,,,,,,,,,,,,,,,,,,,,,,,,,,,,,,,,,,,,,,,,,,,,,,,,,,,,,,,,,,,,,,,,,,
Gentamicin,CC(C1CCC(C(O1)OC2C(CC(C(C2O)OC3C(C(C(CO3)(C)O)NC)O)N)N)N)NC,0,,,,,,,,,,,,,,,,,,,,,,,,,,,,,,,,,,,,,,,,,,,,,,,,,,,,,,,,,,,,,,,,,,,,,,,,,,,,,,,,,,,,,,,,,,,,,,,,,,,,,,,,,,,,,,,,,,,,,,,,,,,,,,,,,,,,,,,,,,,,,,,,,,,,,,,,,,,,,,,,,,,,,,,,,,,,,,,,,,,,,,,,,,,,,,,,
penicillin,CC1(C(N2C(S1)C(C2=O)NC(=O)CC3=CC=CC=C3)C(=O)O)C,0,,,,,,,,,,,,,,,,,,,,,,,,,,,,,,,,,,,,,,,,,,,,,,,,,,,,,,,,,,,,,,,,,,,,,,,,,,,,,,,,,,,,,,,,,,,,,,,,,,,,,,,,,,,,,,,,,,,,,,,,,,,,,,,,,,,,,,,,,,,,,,,,,,,,,,,,,,,,,,,,,,,,,,,,,,,,,,,,,,,,,,,,,,,,,,,,
morphine,CN1CCC23C4C1CC5=C2C(=C(C=C5)O)OC3C(C=C4)O,0,,,,,,,,,,,,,,,,,,,,,,,,,,,,,,,,,,,,,,,,,,,,,,,,,,,,,,,,,,,,,,,,,,,,,,,,,,,,,,,,,,,,,,,,,,,,,,,,,,,,,,,,,,,,,,,,,,,,,,,,,,,,,,,,,,,,,,,,,,,,,,,,,,,,,,,,,,,,,,,,,,,,,,,,,,,,,,,,,,,,,,,,,,,,,,,,
fentanyl,CCC(=O)N(C1CCN(CC1)CCC2=CC=CC=C2)C3=CC=CC=C3,0,,,,,,,,,,,,,,,,,,,,,,,,,,,,,,,,,,,,,,,,,,,,,,,,,,,,,,,,,,,,,,,,,,,,,,,,,,,,,,,,,,,,,,,,,,,,,,,,,,,,,,,,,,,,,,,,,,,,,,,,,,,,,,,,,,,,,,,,,,,,,,,,,,,,,,,,,,,,,,,,,,,,,,,,,,,,,,,,,,,,,,,,,,,,,,,,
metronidazole,CC1=NC=C(N1CCO)[N+](=O)[O-],0,,,,,,,,,,,,,,,,,,,,,,,,,,,,,,,,,,,,,,,,,,,,,,,,,,,,,,,,,,,,,,,,,,,,,,,,,,,,,,,,,,,,,,,,,,,,,,,,,,,,,,,,,,,,,,,,,,,,,,,,,,,,,,,,,,,,,,,,,,,,,,,,,,,,,,,,,,,,,,,,,,,,,,,,,,,,,,,,,,,,,,,,,,,,,,,,
Sulfacetamide,CC(=O)NS(=O)(=O)C1=CC=C(C=C1)N,0,,,,,,,,,,,,,,,,,,,,,,,,,,,,,,,,,,,,,,,,,,,,,,,,,,,,,,,,,,,,,,,,,,,,,,,,,,,,,,,,,,,,,,,,,,,,,,,,,,,,,,,,,,,,,,,,,,,,,,,,,,,,,,,,,,,,,,,,,,,,,,,,,,,,,,,,,,,,,,,,,,,,,,,,,,,,,,,,,,,,,,,,,,,,,,,,
cannabidiol,CCCCCC1=CC(=C(C(=C1)O)C2C=C(CCC2C(=C)C)C)O,0,,,,,,,,,,,,,,,,,,,,,,,,,,,,,,,,,,,,,,,,,,,,,,,,,,,,,,,,,,,,,,,,,,,,,,,,,,,,,,,,,,,,,,,,,,,,,,,,,,,,,,,,,,,,,,,,,,,,,,,,,,,,,,,,,,,,,,,,,,,,,,,,,,,,,,,,,,,,,,,,,,,,,,,,,,,,,,,,,,,,,,,,,,,,,,,,
metformin,CN(C)C(=N)N=C(N)N,0,,,,,,,,,,,,,,,,,,,,,,,,,,,,,,,,,,,,,,,,,,,,,,,,,,,,,,,,,,,,,,,,,,,,,,,,,,,,,,,,,,,,,,,,,,,,,,,,,,,,,,,,,,,,,,,,,,,,,,,,,,,,,,,,,,,,,,,,,,,,,,,,,,,,,,,,,,,,,,,,,,,,,,,,,,,,,,,,,,,,,,,,,,,,,,,,
arbidol ,CCOC(=O)C1=C(N(C2=CC(=C(C(=C21)CN(C)C)O)Br)C)CSC3=CC=CC=C3,0,,,,,,,,,,,,,,,,,,,,,,,,,,,,,,,,,,,,,,,,,,,,,,,,,,,,,,,,,,,,,,,,,,,,,,,,,,,,,,,,,,,,,,,,,,,,,,,,,,,,,,,,,,,,,,,,,,,,,,,,,,,,,,,,,,,,,,,,,,,,,,,,,,,,,,,,,,,,,,,,,,,,,,,,,,,,,,,,,,,,,,,,,,,,,,,,
midostaurin,CC12C(C(CC(O1)N3C4=CC=CC=C4C5=C6C(=C7C8=CC=CC=C8N2C7=C53)CNC6=O)N(C)C(=O)C9=CC=CC=C9)OC,0,,,,,,,,,,,,,,,,,,,,,,,,,,,,,,,,,,,,,,,,,,,,,,,,,,,,,,,,,,,,,,,,,,,,,,,,,,,,,,,,,,,,,,,,,,,,,,,,,,,,,,,,,,,,,,,,,,,,,,,,,,,,,,,,,,,,,,,,,,,,,,,,,,,,,,,,,,,,,,,,,,,,,,,,,,,,,,,,,,,,,,,,,,,,,,,,
pazonapib,CC1=C(C=C(C=C1)NC2=NC=CC(=N2)N(C)C3=CC4=NN(C(=C4C=C3)C)C)S(=O)(=O)N,0,,,,,,,,,,,,,,,,,,,,,,,,,,,,,,,,,,,,,,,,,,,,,,,,,,,,,,,,,,,,,,,,,,,,,,,,,,,,,,,,,,,,,,,,,,,,,,,,,,,,,,,,,,,,,,,,,,,,,,,,,,,,,,,,,,,,,,,,,,,,,,,,,,,,,,,,,,,,,,,,,,,,,,,,,,,,,,,,,,,,,,,,,,,,,,,,
Nintedanib,CN1CCN(CC1)CC(=O)N(C)C2=CC=C(C=C2)N=C(C3=CC=CC=C3)C4=C(NC5=C4C=CC(=C5)C(=O)OC)O,0,,,,,,,,,,,,,,,,,,,,,,,,,,,,,,,,,,,,,,,,,,,,,,,,,,,,,,,,,,,,,,,,,,,,,,,,,,,,,,,,,,,,,,,,,,,,,,,,,,,,,,,,,,,,,,,,,,,,,,,,,,,,,,,,,,,,,,,,,,,,,,,,,,,,,,,,,,,,,,,,,,,,,,,,,,,,,,,,,,,,,,,,,,,,,,,,
Regorafenib,CNC(=O)C1=NC=CC(=C1)OC2=CC(=C(C=C2)NC(=O)NC3=CC(=C(C=C3)Cl)C(F)(F)F)F,0,,,,,,,,,,,,,,,,,,,,,,,,,,,,,,,,,,,,,,,,,,,,,,,,,,,,,,,,,,,,,,,,,,,,,,,,,,,,,,,,,,,,,,,,,,,,,,,,,,,,,,,,,,,,,,,,,,,,,,,,,,,,,,,,,,,,,,,,,,,,,,,,,,,,,,,,,,,,,,,,,,,,,,,,,,,,,,,,,,,,,,,,,,,,,,,,
axitinib,CNC(=O)C1=CC=CC=C1SC2=CC3=C(C=C2)C(=NN3)C=CC4=CC=CC=N4,0,,,,,,,,,,,,,,,,,,,,,,,,,,,,,,,,,,,,,,,,,,,,,,,,,,,,,,,,,,,,,,,,,,,,,,,,,,,,,,,,,,,,,,,,,,,,,,,,,,,,,,,,,,,,,,,,,,,,,,,,,,,,,,,,,,,,,,,,,,,,,,,,,,,,,,,,,,,,,,,,,,,,,,,,,,,,,,,,,,,,,,,,,,,,,,,,
